﻿index,收件人手機,顧客購買機率,平均交易金額,專屬網址,簡訊內容
977,918284988,6.32%,726.9581880381493,http://tinyurl.com/y5edlauc,髮廊設計師最推薦的頭皮水一瓶只要【$266】熱銷人氣紅寶石護髮組下單【省$577】數量有限快搶→http://tinyurl.com/y5edlauc
1035,908481213,6.02%,957.2619419477521,http://tinyurl.com/y3qr8wgp,髮廊設計師最推薦的頭皮水一瓶只要【$266】熱銷人氣紅寶石護髮組下單【省$577】數量有限快搶→http://tinyurl.com/y3qr8wgp
1236,929081276,5.04%,519.3949133706685,http://tinyurl.com/yywqmsvt,髮廊設計師最推薦的頭皮水一瓶只要【$266】熱銷人氣紅寶石護髮組下單【省$577】數量有限快搶→http://tinyurl.com/yywqmsvt
2350,920307792,2.37%,777.8820598889847,http://tinyurl.com/yy8qf7oo,髮廊設計師最推薦的頭皮水一瓶只要【$266】熱銷人氣紅寶石護髮組下單【省$577】數量有限快搶→http://tinyurl.com/yy8qf7oo
3098,963623085,1.64%,836.8047653579953,http://tinyurl.com/y4f8kh9x,髮廊設計師最推薦的頭皮水一瓶只要【$266】熱銷人氣紅寶石護髮組下單【省$577】數量有限快搶→http://tinyurl.com/y4f8kh9x
3113,915381027,1.63%,526.1520467844125,http://tinyurl.com/y48d8u28,髮廊設計師最推薦的頭皮水一瓶只要【$266】熱銷人氣紅寶石護髮組下單【省$577】數量有限快搶→http://tinyurl.com/y48d8u28
3159,963055334,1.60%,526.1520467844125,http://tinyurl.com/y4pz4v2l,髮廊設計師最推薦的頭皮水一瓶只要【$266】熱銷人氣紅寶石護髮組下單【省$577】數量有限快搶→http://tinyurl.com/y4pz4v2l
4653,956030436,1.07%,931.9025363499086,http://tinyurl.com/yxwc7h32,髮廊設計師最推薦的頭皮水一瓶只要【$266】熱銷人氣紅寶石護髮組下單【省$577】數量有限快搶→http://tinyurl.com/yxwc7h32
6376,976721277,0.83%,805.105508360691,http://tinyurl.com/y2avgwug,髮廊設計師最推薦的頭皮水一瓶只要【$266】熱銷人氣紅寶石護髮組下單【省$577】數量有限快搶→http://tinyurl.com/y2avgwug
6565,989783363,0.80%,811.445359760152,http://tinyurl.com/yy9r2x5t,髮廊設計師最推薦的頭皮水一瓶只要【$266】熱銷人氣紅寶石護髮組下單【省$577】數量有限快搶→http://tinyurl.com/yy9r2x5t
6633,938920936,0.79%,811.445359760152,http://tinyurl.com/y27ml8jq,髮廊設計師最推薦的頭皮水一瓶只要【$266】熱銷人氣紅寶石護髮組下單【省$577】數量有限快搶→http://tinyurl.com/y27ml8jq
6674,929771161,0.78%,811.445359760152,http://tinyurl.com/y3xdfa3t,髮廊設計師最推薦的頭皮水一瓶只要【$266】熱銷人氣紅寶石護髮組下單【省$577】數量有限快搶→http://tinyurl.com/y3xdfa3t
6772,953080149,0.77%,811.445359760152,http://tinyurl.com/y4pnfxbr,髮廊設計師最推薦的頭皮水一瓶只要【$266】熱銷人氣紅寶石護髮組下單【省$577】數量有限快搶→http://tinyurl.com/y4pnfxbr
6886,929877735,0.75%,925.5626849504476,http://tinyurl.com/yxtvlfub,髮廊設計師最推薦的頭皮水一瓶只要【$266】熱銷人氣紅寶石護髮組下單【省$577】數量有限快搶→http://tinyurl.com/yxtvlfub
6932,960522842,0.75%,811.445359760152,http://tinyurl.com/y4os5a6s,髮廊設計師最推薦的頭皮水一瓶只要【$266】熱銷人氣紅寶石護髮組下單【省$577】數量有限快搶→http://tinyurl.com/y4os5a6s
7289,986321354,0.70%,811.445359760152,http://tinyurl.com/y3y8px8s,髮廊設計師最推薦的頭皮水一瓶只要【$266】熱銷人氣紅寶石護髮組下單【省$577】數量有限快搶→http://tinyurl.com/y3y8px8s
7330,931341727,0.70%,811.445359760152,http://tinyurl.com/y2nw7jf7,髮廊設計師最推薦的頭皮水一瓶只要【$266】熱銷人氣紅寶石護髮組下單【省$577】數量有限快搶→http://tinyurl.com/y2nw7jf7
7644,960577600,0.66%,925.5626849504476,http://tinyurl.com/y5t4vapy,髮廊設計師最推薦的頭皮水一瓶只要【$266】熱銷人氣紅寶石護髮組下單【省$577】數量有限快搶→http://tinyurl.com/y5t4vapy
7826,983416506,0.64%,653.662438346793,http://tinyurl.com/yywhs35j,髮廊設計師最推薦的頭皮水一瓶只要【$266】熱銷人氣紅寶石護髮組下單【省$577】數量有限快搶→http://tinyurl.com/yywhs35j
7903,976376632,0.63%,931.9025363499086,http://tinyurl.com/y22wxtpf,髮廊設計師最推薦的頭皮水一瓶只要【$266】熱銷人氣紅寶石護髮組下單【省$577】數量有限快搶→http://tinyurl.com/y22wxtpf
7916,910809532,0.63%,811.445359760152,http://tinyurl.com/y3kzc9lm,髮廊設計師最推薦的頭皮水一瓶只要【$266】熱銷人氣紅寶石護髮組下單【省$577】數量有限快搶→http://tinyurl.com/y3kzc9lm
8139,918455847,0.60%,583.2107093795604,http://tinyurl.com/y4zdvz2j,髮廊設計師最推薦的頭皮水一瓶只要【$266】熱銷人氣紅寶石護髮組下單【省$577】數量有限快搶→http://tinyurl.com/y4zdvz2j
8356,958872541,0.57%,697.3280345698563,http://tinyurl.com/y38z8fz3,髮廊設計師最推薦的頭皮水一瓶只要【$266】熱銷人氣紅寶石護髮組下單【省$577】數量有限快搶→http://tinyurl.com/y38z8fz3
8452,936603276,0.56%,811.445359760152,http://tinyurl.com/y6mo22e3,髮廊設計師最推薦的頭皮水一瓶只要【$266】熱銷人氣紅寶石護髮組下單【省$577】數量有限快搶→http://tinyurl.com/y6mo22e3
8482,912190930,0.56%,925.5626849504476,http://tinyurl.com/y24fhty5,髮廊設計師最推薦的頭皮水一瓶只要【$266】熱銷人氣紅寶石護髮組下單【省$577】數量有限快搶→http://tinyurl.com/y24fhty5
8604,918037127,0.54%,957.2619419477521,http://tinyurl.com/y4v29l9t,髮廊設計師最推薦的頭皮水一瓶只要【$266】熱銷人氣紅寶石護髮組下單【省$577】數量有限快搶→http://tinyurl.com/y4v29l9t
8607,939295612,0.54%,811.445359760152,http://tinyurl.com/y5nq3mqw,髮廊設計師最推薦的頭皮水一瓶只要【$266】熱銷人氣紅寶石護髮組下單【省$577】數量有限快搶→http://tinyurl.com/y5nq3mqw
8608,913513285,0.54%,811.445359760152,http://tinyurl.com/yy8azxu6,髮廊設計師最推薦的頭皮水一瓶只要【$266】熱銷人氣紅寶石護髮組下單【省$577】數量有限快搶→http://tinyurl.com/yy8azxu6
8840,987886812,0.52%,931.9025363499086,http://tinyurl.com/y56l7lqj,髮廊設計師最推薦的頭皮水一瓶只要【$266】熱銷人氣紅寶石護髮組下單【省$577】數量有限快搶→http://tinyurl.com/y56l7lqj
9004,988882325,0.51%,811.445359760152,http://tinyurl.com/y3npfm7a,髮廊設計師最推薦的頭皮水一瓶只要【$266】熱銷人氣紅寶石護髮組下單【省$577】數量有限快搶→http://tinyurl.com/y3npfm7a
9143,985168943,0.49%,963.601793347213,http://tinyurl.com/yy5oluf9,髮廊設計師最推薦的頭皮水一瓶只要【$266】熱銷人氣紅寶石護髮組下單【省$577】數量有限快搶→http://tinyurl.com/yy5oluf9
9168,911027889,0.49%,979.4514218458653,http://tinyurl.com/yxljptet,髮廊設計師最推薦的頭皮水一瓶只要【$266】熱銷人氣紅寶石護髮組下單【省$577】數量有限快搶→http://tinyurl.com/yxljptet
9249,921020013,0.48%,583.2107093795604,http://tinyurl.com/yxmt7emb,髮廊設計師最推薦的頭皮水一瓶只要【$266】熱銷人氣紅寶石護髮組下單【省$577】數量有限快搶→http://tinyurl.com/yxmt7emb
9368,981586365,0.48%,925.5626849504476,http://tinyurl.com/y2f674u9,髮廊設計師最推薦的頭皮水一瓶只要【$266】熱銷人氣紅寶石護髮組下單【省$577】數量有限快搶→http://tinyurl.com/y2f674u9
10341,937787518,0.46%,811.445359760152,http://tinyurl.com/y4g24slu,髮廊設計師最推薦的頭皮水一瓶只要【$266】熱銷人氣紅寶石護髮組下單【省$577】數量有限快搶→http://tinyurl.com/y4g24slu
10890,909070663,0.44%,640.2693719747083,http://tinyurl.com/yxsxwlj5,髮廊設計師最推薦的頭皮水一瓶只要【$266】熱銷人氣紅寶石護髮組下單【省$577】數量有限快搶→http://tinyurl.com/yxsxwlj5
10914,928680864,0.44%,931.9025363499086,http://tinyurl.com/y572cgt2,髮廊設計師最推薦的頭皮水一瓶只要【$266】熱銷人氣紅寶石護髮組下單【省$577】數量有限快搶→http://tinyurl.com/y572cgt2
15686,980640300,0.37%,811.445359760152,http://tinyurl.com/y5d2edus,髮廊設計師最推薦的頭皮水一瓶只要【$266】熱銷人氣紅寶石護髮組下單【省$577】數量有限快搶→http://tinyurl.com/y5d2edus
17286,920643976,0.36%,583.2107093795604,http://tinyurl.com/yxpf3z48,髮廊設計師最推薦的頭皮水一瓶只要【$266】熱銷人氣紅寶石護髮組下單【省$577】數量有限快搶→http://tinyurl.com/yxpf3z48
20464,972927898,0.33%,583.2107093795604,http://tinyurl.com/y5y2ajr9,髮廊設計師最推薦的頭皮水一瓶只要【$266】熱銷人氣紅寶石護髮組下單【省$577】數量有限快搶→http://tinyurl.com/y5y2ajr9
22157,962081873,0.32%,906.5431307520649,http://tinyurl.com/y35lp7hr,髮廊設計師最推薦的頭皮水一瓶只要【$266】熱銷人氣紅寶石護髮組下單【省$577】數量有限快搶→http://tinyurl.com/y35lp7hr
23122,920367057,0.32%,583.2107093795604,http://tinyurl.com/y3tlwsow,髮廊設計師最推薦的頭皮水一瓶只要【$266】熱銷人氣紅寶石護髮組下單【省$577】數量有限快搶→http://tinyurl.com/y3tlwsow
23595,903362841,0.31%,925.5626849504476,http://tinyurl.com/y3rvdffy,髮廊設計師最推薦的頭皮水一瓶只要【$266】熱銷人氣紅寶石護髮組下單【省$577】數量有限快搶→http://tinyurl.com/y3rvdffy
