﻿訂單日期,收件人,收件人手機,商品名稱,專屬網址,簡訊內容
2019-04-13 19:26:16,藍伊柔,903112397,運費,http://tinyurl.com/yyw9jv58,★染燙救星神級柔順護髮→奇蹟柔感原液←現在買再省$100回饋給VIP老客戶只有100組快入手http://tinyurl.com/yyw9jv58
2019-04-22 16:34:02,蕭鈺芝,903213626,受損細軟髮專用紅寶石空氣感洗髮精285ml紅石榴萃取保濕秀髮，打造蓬鬆空氣感,http://tinyurl.com/y4eohjfc,★染燙救星神級柔順護髮→奇蹟柔感原液←現在買再省$100回饋給VIP老客戶只有100組快入手http://tinyurl.com/y4eohjfc
2019-04-10 07:41:33,陳姵臻,903588288,NEWART 紅寶石能量瞬護隔離霜75ml,http://tinyurl.com/y4xjmgwc,★染燙救星神級柔順護髮→奇蹟柔感原液←現在買再省$100回饋給VIP老客戶只有100組快入手http://tinyurl.com/y4xjmgwc
2019-04-10 13:10:28,鄭雅玲,903663559,運費,http://tinyurl.com/y6bp4lhl,★染燙救星神級柔順護髮→奇蹟柔感原液←現在買再省$100回饋給VIP老客戶只有100組快入手http://tinyurl.com/y6bp4lhl
2019-04-04 23:14:33,吳金燕,905566796,NEWART 【內外髮質雙修】最強免沖洗修護組紅寶石瞬效隔離霜30ml+修護維他命隔離膜100ml,http://tinyurl.com/y4stclvc,★染燙救星神級柔順護髮→奇蹟柔感原液←現在買再省$100回饋給VIP老客戶只有100組快入手http://tinyurl.com/y4stclvc
2019-04-07 23:08:20,李欣恬,905825998,運費,http://tinyurl.com/y69gsml3,★染燙救星神級柔順護髮→奇蹟柔感原液←現在買再省$100回饋給VIP老客戶只有100組快入手http://tinyurl.com/y69gsml3
2019-04-18 23:48:09,宋芷,905855201,運費,http://tinyurl.com/y4mbl69w,★染燙救星神級柔順護髮→奇蹟柔感原液←現在買再省$100回饋給VIP老客戶只有100組快入手http://tinyurl.com/y4mbl69w
2019-04-30 07:05:04,劉蕙瑄,906979131,運費,http://tinyurl.com/y5fuouwy,★染燙救星神級柔順護髮→奇蹟柔感原液←現在買再省$100回饋給VIP老客戶只有100組快入手http://tinyurl.com/y5fuouwy
2019-04-03 21:52:26,張瑜文,909113513,NEWART 紅寶石能量瞬護隔離霜150ml10秒瞬效護髮霜,http://tinyurl.com/y28k9v9q,★染燙救星神級柔順護髮→奇蹟柔感原液←現在買再省$100回饋給VIP老客戶只有100組快入手http://tinyurl.com/y28k9v9q
2019-04-26 03:44:48,李文婉,909126077,運費,http://tinyurl.com/y4hlxrfl,★染燙救星神級柔順護髮→奇蹟柔感原液←現在買再省$100回饋給VIP老客戶只有100組快入手http://tinyurl.com/y4hlxrfl
2019-04-23 16:53:35,田寶寶,910439487,NEWART 紅寶石能量瞬護隔離霜75ml,http://tinyurl.com/y4f24oxo,★染燙救星神級柔順護髮→奇蹟柔感原液←現在買再省$100回饋給VIP老客戶只有100組快入手http://tinyurl.com/y4f24oxo
2019-04-21 13:55:51,鄭鈞文,911018614,折扣碼,http://tinyurl.com/yxw5onrq,★染燙救星神級柔順護髮→奇蹟柔感原液←現在買再省$100回饋給VIP老客戶只有100組快入手http://tinyurl.com/yxw5onrq
2019-04-05 11:51:52,陳儀津,912325202,運費,http://tinyurl.com/y5xuk5b2,★染燙救星神級柔順護髮→奇蹟柔感原液←現在買再省$100回饋給VIP老客戶只有100組快入手http://tinyurl.com/y5xuk5b2
2019-04-17 12:26:11,陳美蘭,912327590,NEWART 紅寶石能量瞬護隔離霜75ml,http://tinyurl.com/yyr8cepz,★染燙救星神級柔順護髮→奇蹟柔感原液←現在買再省$100回饋給VIP老客戶只有100組快入手http://tinyurl.com/yyr8cepz
2019-04-10 13:15:42,林禹如,912647479,NEWART 紅寶石能量瞬護隔離霜75ml,http://tinyurl.com/yxv3cjlj,★染燙救星神級柔順護髮→奇蹟柔感原液←現在買再省$100回饋給VIP老客戶只有100組快入手http://tinyurl.com/yxv3cjlj
2019-04-09 23:58:12,陳玉滿,912665919,NEWART紅寶石能量瞬護隔離霜5ml★10秒瞬效護髮霜★,http://tinyurl.com/y29mm2gx,★染燙救星神級柔順護髮→奇蹟柔感原液←現在買再省$100回饋給VIP老客戶只有100組快入手http://tinyurl.com/y29mm2gx
2019-04-28 11:22:18,邱宜禾,912933185,NEWART 【內外髮質雙修】最強免沖洗修護組紅寶石瞬效隔離霜30ml+修護維他命隔離膜100ml,http://tinyurl.com/y599foqh,★染燙救星神級柔順護髮→奇蹟柔感原液←現在買再省$100回饋給VIP老客戶只有100組快入手http://tinyurl.com/y599foqh
2019-04-08 00:20:24,黃怡萍,913530512,NEWART 紅寶石能量瞬護隔離霜75ml,http://tinyurl.com/y6o9vy7r,★染燙救星神級柔順護髮→奇蹟柔感原液←現在買再省$100回饋給VIP老客戶只有100組快入手http://tinyurl.com/y6o9vy7r
2019-04-10 12:31:17,洪勤鈞,913623682,運費,http://tinyurl.com/yyxm8n3g,★染燙救星神級柔順護髮→奇蹟柔感原液←現在買再省$100回饋給VIP老客戶只有100組快入手http://tinyurl.com/yyxm8n3g
2019-04-29 21:21:18,王筱玲,913862698,運費,http://tinyurl.com/y42rvfsu,★染燙救星神級柔順護髮→奇蹟柔感原液←現在買再省$100回饋給VIP老客戶只有100組快入手http://tinyurl.com/y42rvfsu
2019-04-05 21:10:32,潘淑娟,915366283,NEWART 紅寶石能量瞬護隔離霜75ml,http://tinyurl.com/y4onesnl,★染燙救星神級柔順護髮→奇蹟柔感原液←現在買再省$100回饋給VIP老客戶只有100組快入手http://tinyurl.com/y4onesnl
2019-04-27 15:58:41,王育婷,915686587,NEWART 紅寶石能量瞬護隔離霜75ml,http://tinyurl.com/y5v4w4l8,★染燙救星神級柔順護髮→奇蹟柔感原液←現在買再省$100回饋給VIP老客戶只有100組快入手http://tinyurl.com/y5v4w4l8
2019-04-29 16:19:14,吳秋金,916316773,運費,http://tinyurl.com/yy4hjbps,★染燙救星神級柔順護髮→奇蹟柔感原液←現在買再省$100回饋給VIP老客戶只有100組快入手http://tinyurl.com/yy4hjbps
2019-04-22 22:13:21,古美娟,916748620,NEWART紅寶石能量瞬護隔離霜30ml鑽石瓶★10秒瞬效護髮霜★,http://tinyurl.com/y2xmj6tr,★染燙救星神級柔順護髮→奇蹟柔感原液←現在買再省$100回饋給VIP老客戶只有100組快入手http://tinyurl.com/y2xmj6tr
2019-04-23 15:27:48,林心恬,916913979,折扣碼,http://tinyurl.com/yyghn5te,★染燙救星神級柔順護髮→奇蹟柔感原液←現在買再省$100回饋給VIP老客戶只有100組快入手http://tinyurl.com/yyghn5te
2019-04-03 15:07:53,陳亞萍,917533835,運費,http://tinyurl.com/y62jonm9,★染燙救星神級柔順護髮→奇蹟柔感原液←現在買再省$100回饋給VIP老客戶只有100組快入手http://tinyurl.com/y62jonm9
2019-04-10 11:12:52,許藝薰,917838813,NEWART綠茶油切涼感洗髮精65ml涼感控油洗髮精,http://tinyurl.com/y2csx39j,★染燙救星神級柔順護髮→奇蹟柔感原液←現在買再省$100回饋給VIP老客戶只有100組快入手http://tinyurl.com/y2csx39j
2019-04-08 19:36:12,柯曉瑩,917937301,NEWART紅寶石能量瞬護隔離霜5ml★10秒瞬效護髮霜★,http://tinyurl.com/y4vo3z6j,★染燙救星神級柔順護髮→奇蹟柔感原液←現在買再省$100回饋給VIP老客戶只有100組快入手http://tinyurl.com/y4vo3z6j
2019-04-06 21:59:03,楊雅盈,918218591,敏感頭皮專用茶樹舒敏止癢洗髮精285ml換季過敏掉屑舒緩頭皮不適,http://tinyurl.com/yyfrnzxl,★染燙救星神級柔順護髮→奇蹟柔感原液←現在買再省$100回饋給VIP老客戶只有100組快入手http://tinyurl.com/yyfrnzxl
2019-04-16 10:36:19,吳,918272123,運費,http://tinyurl.com/y2bzzz24,★染燙救星神級柔順護髮→奇蹟柔感原液←現在買再省$100回饋給VIP老客戶只有100組快入手http://tinyurl.com/y2bzzz24
2019-04-05 14:18:56,陳美里,918388355,運費,http://tinyurl.com/y4tjc9r5,★染燙救星神級柔順護髮→奇蹟柔感原液←現在買再省$100回饋給VIP老客戶只有100組快入手http://tinyurl.com/y4tjc9r5
2019-04-14 17:15:43,蔡慧娟,918480047,運費,http://tinyurl.com/y6aoht3g,★染燙救星神級柔順護髮→奇蹟柔感原液←現在買再省$100回饋給VIP老客戶只有100組快入手http://tinyurl.com/y6aoht3g
2019-04-26 13:52:09,宋淑美,919145990,NEWART 紅寶石能量瞬護隔離霜75ml,http://tinyurl.com/y6e5nmnc,★染燙救星神級柔順護髮→奇蹟柔感原液←現在買再省$100回饋給VIP老客戶只有100組快入手http://tinyurl.com/y6e5nmnc
2019-04-05 13:26:25,洪詩涵,919182171,運費,http://tinyurl.com/y4dvx82f,★染燙救星神級柔順護髮→奇蹟柔感原液←現在買再省$100回饋給VIP老客戶只有100組快入手http://tinyurl.com/y4dvx82f
2019-04-01 02:24:59,黃梅玉,919813104,NEWART 紅寶石能量瞬護隔離霜75ml,http://tinyurl.com/y5wclb3l,★染燙救星神級柔順護髮→奇蹟柔感原液←現在買再省$100回饋給VIP老客戶只有100組快入手http://tinyurl.com/y5wclb3l
2019-04-28 13:25:53,廖晃宏,920094702,NEWART 紅寶石能量瞬護隔離霜75ml,http://tinyurl.com/yybpafay,★染燙救星神級柔順護髮→奇蹟柔感原液←現在買再省$100回饋給VIP老客戶只有100組快入手http://tinyurl.com/yybpafay
2019-04-29 10:37:31,劉碧霞,920209662,運費,http://tinyurl.com/y4pv426y,★染燙救星神級柔順護髮→奇蹟柔感原液←現在買再省$100回饋給VIP老客戶只有100組快入手http://tinyurl.com/y4pv426y
2019-04-19 22:58:30,孫惠貞,920214758,NEWART 紅寶石能量瞬護隔離霜75ml,http://tinyurl.com/y2wprlq4,★染燙救星神級柔順護髮→奇蹟柔感原液←現在買再省$100回饋給VIP老客戶只有100組快入手http://tinyurl.com/y2wprlq4
2019-04-26 10:32:43,曾韻宜,920394259,運費,http://tinyurl.com/yxjtq3uu,★染燙救星神級柔順護髮→奇蹟柔感原液←現在買再省$100回饋給VIP老客戶只有100組快入手http://tinyurl.com/yxjtq3uu
2019-04-30 09:47:41,王正絨,920803913,NEWART 紅寶石能量瞬護隔離霜75ml,http://tinyurl.com/y3surgu3,★染燙救星神級柔順護髮→奇蹟柔感原液←現在買再省$100回饋給VIP老客戶只有100組快入手http://tinyurl.com/y3surgu3
2019-04-15 22:06:44,蘇歆瓴,920900429,運費,http://tinyurl.com/yy96ebs4,★染燙救星神級柔順護髮→奇蹟柔感原液←現在買再省$100回饋給VIP老客戶只有100組快入手http://tinyurl.com/yy96ebs4
2019-04-06 07:41:22,羅文媛,920940413,NEWART 黑鑽光10秒極速順髮霜30ml極速護髮，十秒閃耀,http://tinyurl.com/y5mh8pcg,★染燙救星神級柔順護髮→奇蹟柔感原液←現在買再省$100回饋給VIP老客戶只有100組快入手http://tinyurl.com/y5mh8pcg
2019-04-09 13:41:45,洪櫻慈,922103220,運費,http://tinyurl.com/yy5b3n5p,★染燙救星神級柔順護髮→奇蹟柔感原液←現在買再省$100回饋給VIP老客戶只有100組快入手http://tinyurl.com/yy5b3n5p
2019-04-23 11:15:02,梁嘉芸,922809368,運費,http://tinyurl.com/yyz6h7ea,★染燙救星神級柔順護髮→奇蹟柔感原液←現在買再省$100回饋給VIP老客戶只有100組快入手http://tinyurl.com/yyz6h7ea
2019-04-23 12:25:29,王宜芳,923217218,NEWART 紅寶石能量瞬護隔離霜75ml,http://tinyurl.com/y5z7q8kl,★染燙救星神級柔順護髮→奇蹟柔感原液←現在買再省$100回饋給VIP老客戶只有100組快入手http://tinyurl.com/y5z7q8kl
2019-04-24 08:17:51,張淑宜,925310520,運費,http://tinyurl.com/y46lgpq7,★染燙救星神級柔順護髮→奇蹟柔感原液←現在買再省$100回饋給VIP老客戶只有100組快入手http://tinyurl.com/y46lgpq7
2019-04-30 09:52:04,黃鳳珠,925501139,運費,http://tinyurl.com/yx8le9f6,★染燙救星神級柔順護髮→奇蹟柔感原液←現在買再省$100回饋給VIP老客戶只有100組快入手http://tinyurl.com/yx8le9f6
2019-04-25 17:05:44,林家榆,925958079,運費,http://tinyurl.com/y3mr7tb6,★染燙救星神級柔順護髮→奇蹟柔感原液←現在買再省$100回饋給VIP老客戶只有100組快入手http://tinyurl.com/y3mr7tb6
2019-04-25 13:33:44,林麗容,926218699,折扣碼,http://tinyurl.com/y6qnh2dz,★染燙救星神級柔順護髮→奇蹟柔感原液←現在買再省$100回饋給VIP老客戶只有100組快入手http://tinyurl.com/y6qnh2dz
2019-04-15 16:59:13,陳宥均,926774852,NEWART 【內外髮質雙修】最強免沖洗修護組紅寶石瞬效隔離霜30ml+修護維他命隔離膜100ml,http://tinyurl.com/y6b97en3,★染燙救星神級柔順護髮→奇蹟柔感原液←現在買再省$100回饋給VIP老客戶只有100組快入手http://tinyurl.com/y6b97en3
2019-04-28 22:22:51,林麗玲,926781846,運費,http://tinyurl.com/y6xwnxtf,★染燙救星神級柔順護髮→奇蹟柔感原液←現在買再省$100回饋給VIP老客戶只有100組快入手http://tinyurl.com/y6xwnxtf
2019-04-10 22:35:24,陳凱欣,926920760,全台首創降溫護膚香水3度C冰鎮舒緩青春露禮盒_6支裝,http://tinyurl.com/y5fwh9o3,★染燙救星神級柔順護髮→奇蹟柔感原液←現在買再省$100回饋給VIP老客戶只有100組快入手http://tinyurl.com/y5fwh9o3
2019-04-09 23:18:30,林怡君,927009102,NEWART綠茶油切涼感洗護組285ml涼感舒爽，改善油頭專用,http://tinyurl.com/yxlgrqno,★染燙救星神級柔順護髮→奇蹟柔感原液←現在買再省$100回饋給VIP老客戶只有100組快入手http://tinyurl.com/yxlgrqno
2019-04-08 03:51:13,曹美娟,927318663,運費,http://tinyurl.com/y6gs4gmd,★染燙救星神級柔順護髮→奇蹟柔感原液←現在買再省$100回饋給VIP老客戶只有100組快入手http://tinyurl.com/y6gs4gmd
2019-04-16 16:43:58,陳語蓁,927878076,紅寶石家族超值組合紅寶石洗護組(大+小)+瞬護霜(大+小),http://tinyurl.com/y4hmq67n,★染燙救星神級柔順護髮→奇蹟柔感原液←現在買再省$100回饋給VIP老客戶只有100組快入手http://tinyurl.com/y4hmq67n
2019-04-14 21:53:26,黃雅雪,928744270,運費,http://tinyurl.com/yyzv9725,★染燙救星神級柔順護髮→奇蹟柔感原液←現在買再省$100回饋給VIP老客戶只有100組快入手http://tinyurl.com/yyzv9725
2019-04-15 21:31:29,何美惠,928914507,NEWART 紅寶石能量瞬護隔離霜75ml,http://tinyurl.com/y5drqybm,★染燙救星神級柔順護髮→奇蹟柔感原液←現在買再省$100回饋給VIP老客戶只有100組快入手http://tinyurl.com/y5drqybm
2019-04-14 13:20:13,莊梅,928938351,運費,http://tinyurl.com/y2nm72mr,★染燙救星神級柔順護髮→奇蹟柔感原液←現在買再省$100回饋給VIP老客戶只有100組快入手http://tinyurl.com/y2nm72mr
2019-04-28 11:34:56,劉淑玫,929962475,運費,http://tinyurl.com/y6hne6rc,★染燙救星神級柔順護髮→奇蹟柔感原液←現在買再省$100回饋給VIP老客戶只有100組快入手http://tinyurl.com/y6hne6rc
2019-04-07 03:26:01,呂燕平,930127588,★2019台灣精品★粉紅奇蹟柔感原液套組 25ml*2入組頂級居家沙龍護髮精,http://tinyurl.com/yxdcyl9h,★染燙救星神級柔順護髮→奇蹟柔感原液←現在買再省$100回饋給VIP老客戶只有100組快入手http://tinyurl.com/yxdcyl9h
2019-04-08 22:05:31,吳卉榛,932077115,運費,http://tinyurl.com/y293754b,★染燙救星神級柔順護髮→奇蹟柔感原液←現在買再省$100回饋給VIP老客戶只有100組快入手http://tinyurl.com/y293754b
2019-04-15 10:45:45,丁姝含,932804586,NEWART 紅寶石能量瞬護隔離霜75ml,http://tinyurl.com/y6czlwuz,★染燙救星神級柔順護髮→奇蹟柔感原液←現在買再省$100回饋給VIP老客戶只有100組快入手http://tinyurl.com/y6czlwuz
2019-04-18 01:16:37,朱偉綾,933236250,運費,http://tinyurl.com/y4xaro62,★染燙救星神級柔順護髮→奇蹟柔感原液←現在買再省$100回饋給VIP老客戶只有100組快入手http://tinyurl.com/y4xaro62
2019-04-05 23:19:46,陶嫣然,933657998,NEWART 紅寶石能量瞬護隔離霜75ml,http://tinyurl.com/y6ngdmru,★染燙救星神級柔順護髮→奇蹟柔感原液←現在買再省$100回饋給VIP老客戶只有100組快入手http://tinyurl.com/y6ngdmru
2019-04-15 22:05:38,李婷,936623618,運費,http://tinyurl.com/y4ob2cd7,★染燙救星神級柔順護髮→奇蹟柔感原液←現在買再省$100回饋給VIP老客戶只有100組快入手http://tinyurl.com/y4ob2cd7
2019-04-05 17:17:35,何楓羚,937016733,運費,http://tinyurl.com/y5hytdua,★染燙救星神級柔順護髮→奇蹟柔感原液←現在買再省$100回饋給VIP老客戶只有100組快入手http://tinyurl.com/y5hytdua
2019-04-05 17:46:02,廖維芬,937114435,運費,http://tinyurl.com/y2uag8sb,★染燙救星神級柔順護髮→奇蹟柔感原液←現在買再省$100回饋給VIP老客戶只有100組快入手http://tinyurl.com/y2uag8sb
2019-04-05 22:25:16,林妍汝,937510077,NEWART 紅寶石能量瞬護隔離霜150ml10秒瞬效護髮霜,http://tinyurl.com/y5kg27h6,★染燙救星神級柔順護髮→奇蹟柔感原液←現在買再省$100回饋給VIP老客戶只有100組快入手http://tinyurl.com/y5kg27h6
2019-04-18 11:50:10,游鈞鈞,937667864,運費,http://tinyurl.com/y4etrloz,★染燙救星神級柔順護髮→奇蹟柔感原液←現在買再省$100回饋給VIP老客戶只有100組快入手http://tinyurl.com/y4etrloz
2019-04-21 12:46:45,張淑貞,937791163,運費,http://tinyurl.com/y22xq3tb,★染燙救星神級柔順護髮→奇蹟柔感原液←現在買再省$100回饋給VIP老客戶只有100組快入手http://tinyurl.com/y22xq3tb
2019-04-05 12:06:16,邱瑞娟,937830121,NEWART 紅寶石能量瞬護隔離霜75ml,http://tinyurl.com/y546ftlp,★染燙救星神級柔順護髮→奇蹟柔感原液←現在買再省$100回饋給VIP老客戶只有100組快入手http://tinyurl.com/y546ftlp
2019-04-11 22:08:15,張瑜珊,938489008,運費,http://tinyurl.com/y6tgfjtn,★染燙救星神級柔順護髮→奇蹟柔感原液←現在買再省$100回饋給VIP老客戶只有100組快入手http://tinyurl.com/y6tgfjtn
2019-04-29 21:00:30,于子庭,938504550,運費,http://tinyurl.com/y47kb6fa,★染燙救星神級柔順護髮→奇蹟柔感原液←現在買再省$100回饋給VIP老客戶只有100組快入手http://tinyurl.com/y47kb6fa
2019-04-05 10:58:23,唐禎慧,938996385,運費,http://tinyurl.com/y2fabg7c,★染燙救星神級柔順護髮→奇蹟柔感原液←現在買再省$100回饋給VIP老客戶只有100組快入手http://tinyurl.com/y2fabg7c
2019-04-27 08:49:11,鄭淑瓊,939106973,NEWART 紅寶石能量瞬護隔離霜75ml,http://tinyurl.com/y6rbobh9,★染燙救星神級柔順護髮→奇蹟柔感原液←現在買再省$100回饋給VIP老客戶只有100組快入手http://tinyurl.com/y6rbobh9
2019-04-28 19:53:41,陳毓玲,939122323,NEWART 紅寶石能量瞬護隔離霜75ml,http://tinyurl.com/y2ttbdps,★染燙救星神級柔順護髮→奇蹟柔感原液←現在買再省$100回饋給VIP老客戶只有100組快入手http://tinyurl.com/y2ttbdps
2019-04-04 12:26:07,黃曉蘭,939362371,NEWART 紅寶石能量瞬護隔離霜75ml,http://tinyurl.com/yxfccx8q,★染燙救星神級柔順護髮→奇蹟柔感原液←現在買再省$100回饋給VIP老客戶只有100組快入手http://tinyurl.com/yxfccx8q
2019-04-14 19:34:24,李迎榛,939990525,NEWART 紅寶石能量瞬護隔離霜75ml,http://tinyurl.com/yyzcnfjh,★染燙救星神級柔順護髮→奇蹟柔感原液←現在買再省$100回饋給VIP老客戶只有100組快入手http://tinyurl.com/yyzcnfjh
2019-04-05 17:44:47,楊秀珠,952206513,NEWART 紅寶石能量瞬護隔離霜75ml,http://tinyurl.com/yyv83ws2,★染燙救星神級柔順護髮→奇蹟柔感原液←現在買再省$100回饋給VIP老客戶只有100組快入手http://tinyurl.com/yyv83ws2
2019-04-25 20:47:26,徐春惠,952800537,折扣碼,http://tinyurl.com/y6rect5c,★染燙救星神級柔順護髮→奇蹟柔感原液←現在買再省$100回饋給VIP老客戶只有100組快入手http://tinyurl.com/y6rect5c
2019-04-23 17:38:31,馮珮芬,952893923,運費,http://tinyurl.com/y4jn3z6w,★染燙救星神級柔順護髮→奇蹟柔感原液←現在買再省$100回饋給VIP老客戶只有100組快入手http://tinyurl.com/y4jn3z6w
2019-04-24 12:32:46,宋羅悅,953335532,NEWART 紅寶石能量瞬護隔離霜75ml,http://tinyurl.com/y37mm7a2,★染燙救星神級柔順護髮→奇蹟柔感原液←現在買再省$100回饋給VIP老客戶只有100組快入手http://tinyurl.com/y37mm7a2
2019-04-29 01:45:36,沈佳縈,953380809,運費,http://tinyurl.com/y25hkf4a,★染燙救星神級柔順護髮→奇蹟柔感原液←現在買再省$100回饋給VIP老客戶只有100組快入手http://tinyurl.com/y25hkf4a
2019-04-08 13:01:00,吳芷榆,953530598,運費,http://tinyurl.com/y2mmgg4n,★染燙救星神級柔順護髮→奇蹟柔感原液←現在買再省$100回饋給VIP老客戶只有100組快入手http://tinyurl.com/y2mmgg4n
2019-04-20 18:12:07,蔡慧茹,953887177,NEWART 紅寶石能量瞬護隔離霜150ml10秒瞬效護髮霜,http://tinyurl.com/y6ce83hd,★染燙救星神級柔順護髮→奇蹟柔感原液←現在買再省$100回饋給VIP老客戶只有100組快入手http://tinyurl.com/y6ce83hd
2019-04-21 09:36:35,黃暐茹,955363381,一般及扁塌髮專用綠茶油切涼感洗髮精285ml草本薄荷沁涼舒暢，綠茶萃取強效淨化,http://tinyurl.com/y58bhhxf,★染燙救星神級柔順護髮→奇蹟柔感原液←現在買再省$100回饋給VIP老客戶只有100組快入手http://tinyurl.com/y58bhhxf
2019-04-09 17:01:35,吳淑珍,956308822,運費,http://tinyurl.com/yy6jm2h6,★染燙救星神級柔順護髮→奇蹟柔感原液←現在買再省$100回饋給VIP老客戶只有100組快入手http://tinyurl.com/yy6jm2h6
2019-04-08 23:51:40,陳士容,958337570,運費,http://tinyurl.com/y5wbp57k,★染燙救星神級柔順護髮→奇蹟柔感原液←現在買再省$100回饋給VIP老客戶只有100組快入手http://tinyurl.com/y5wbp57k
2019-04-05 16:56:14,汪嘉玲,958805833,運費,http://tinyurl.com/y6y2bzhz,★染燙救星神級柔順護髮→奇蹟柔感原液←現在買再省$100回饋給VIP老客戶只有100組快入手http://tinyurl.com/y6y2bzhz
2019-04-17 17:15:17,洪雅惠,958833108,NEWART 紅寶石能量瞬護隔離霜75ml,http://tinyurl.com/yyat4j9y,★染燙救星神級柔順護髮→奇蹟柔感原液←現在買再省$100回饋給VIP老客戶只有100組快入手http://tinyurl.com/yyat4j9y
2019-04-05 13:44:48,羅婉芸,960749736,NEWART 紅寶石能量瞬護隔離霜75ml,http://tinyurl.com/y6dup2q3,★染燙救星神級柔順護髮→奇蹟柔感原液←現在買再省$100回饋給VIP老客戶只有100組快入手http://tinyurl.com/y6dup2q3
2019-04-30 15:03:50,卓佳如,962080418,全效頭皮頭髮保濕組山金車保濕精華+保濕潔髮乳285ml,http://tinyurl.com/y34tnmqu,★染燙救星神級柔順護髮→奇蹟柔感原液←現在買再省$100回饋給VIP老客戶只有100組快入手http://tinyurl.com/y34tnmqu
2019-04-04 23:42:50,邱筠婷,963112245,NEWART 紅寶石能量瞬護隔離霜150ml10秒瞬效護髮霜,http://tinyurl.com/y2pffxks,★染燙救星神級柔順護髮→奇蹟柔感原液←現在買再省$100回饋給VIP老客戶只有100組快入手http://tinyurl.com/y2pffxks
2019-04-09 15:58:39,吳婉華,963271333,運費,http://tinyurl.com/yyo5mvk2,★染燙救星神級柔順護髮→奇蹟柔感原液←現在買再省$100回饋給VIP老客戶只有100組快入手http://tinyurl.com/yyo5mvk2
2019-04-26 14:21:07,林珮鈺,968018255,NEWART 紅寶石能量瞬護隔離霜150ml10秒瞬效護髮霜,http://tinyurl.com/y4hpensq,★染燙救星神級柔順護髮→奇蹟柔感原液←現在買再省$100回饋給VIP老客戶只有100組快入手http://tinyurl.com/y4hpensq
2019-04-13 20:55:43,吳佳旻,970556906,運費,http://tinyurl.com/y3u6ct8h,★染燙救星神級柔順護髮→奇蹟柔感原液←現在買再省$100回饋給VIP老客戶只有100組快入手http://tinyurl.com/y3u6ct8h
2019-04-18 21:18:25,郭文珊,970609987,折扣碼,http://tinyurl.com/yxojh9t7,★染燙救星神級柔順護髮→奇蹟柔感原液←現在買再省$100回饋給VIP老客戶只有100組快入手http://tinyurl.com/yxojh9t7
2019-04-05 20:45:07,賴躍介,970935738,運費,http://tinyurl.com/y496gnc3,★染燙救星神級柔順護髮→奇蹟柔感原液←現在買再省$100回饋給VIP老客戶只有100組快入手http://tinyurl.com/y496gnc3
2019-04-13 23:51:52,張淑惠,972248633,運費,http://tinyurl.com/y2uk77hm,★染燙救星神級柔順護髮→奇蹟柔感原液←現在買再省$100回饋給VIP老客戶只有100組快入手http://tinyurl.com/y2uk77hm
2019-04-26 20:31:57,蔡睿倢,972602813,運費,http://tinyurl.com/y642chyv,★染燙救星神級柔順護髮→奇蹟柔感原液←現在買再省$100回饋給VIP老客戶只有100組快入手http://tinyurl.com/y642chyv
2019-04-08 11:47:58,李俊毅,973420476,運費,http://tinyurl.com/y4ayqdh2,★染燙救星神級柔順護髮→奇蹟柔感原液←現在買再省$100回饋給VIP老客戶只有100組快入手http://tinyurl.com/y4ayqdh2
2019-04-30 21:13:15,李宛芸,975079602,NEWART 【內外髮質雙修】最強免沖洗修護組紅寶石瞬效隔離霜30ml+修護維他命隔離膜100ml,http://tinyurl.com/y4dfw73v,★染燙救星神級柔順護髮→奇蹟柔感原液←現在買再省$100回饋給VIP老客戶只有100組快入手http://tinyurl.com/y4dfw73v
2019-04-18 10:46:52,王淑儀,975380536,運費,http://tinyurl.com/y62md8ac,★染燙救星神級柔順護髮→奇蹟柔感原液←現在買再省$100回饋給VIP老客戶只有100組快入手http://tinyurl.com/y62md8ac
2019-04-24 18:09:13,王翠蘋,975516822,染燙受損髮專用★修護潔髮乳285ml拯救毛躁分岔打結髮質復原救星,http://tinyurl.com/y6jr99ap,★染燙救星神級柔順護髮→奇蹟柔感原液←現在買再省$100回饋給VIP老客戶只有100組快入手http://tinyurl.com/y6jr99ap
2019-04-23 21:57:56,方妤甄,975966753,NEWART修護維他命隔離膜100ml三秒滋養● 修護髮芯內結,http://tinyurl.com/y4yqfhzo,★染燙救星神級柔順護髮→奇蹟柔感原液←現在買再省$100回饋給VIP老客戶只有100組快入手http://tinyurl.com/y4yqfhzo
2019-04-27 11:31:18,許妤瑄,976178281,運費,http://tinyurl.com/yxdpaafw,★染燙救星神級柔順護髮→奇蹟柔感原液←現在買再省$100回饋給VIP老客戶只有100組快入手http://tinyurl.com/yxdpaafw
2019-04-04 23:56:04,張雅婷,976202026,NEWART 紅寶石能量瞬護隔離霜75ml,http://tinyurl.com/yyybc538,★染燙救星神級柔順護髮→奇蹟柔感原液←現在買再省$100回饋給VIP老客戶只有100組快入手http://tinyurl.com/yyybc538
2019-04-04 21:01:45,賴湘甯,976279232,運費,http://tinyurl.com/y6o3oq2k,★染燙救星神級柔順護髮→奇蹟柔感原液←現在買再省$100回饋給VIP老客戶只有100組快入手http://tinyurl.com/y6o3oq2k
2019-04-03 03:54:56,吳文秀,977339131,運費,http://tinyurl.com/y3uhxxqt,★染燙救星神級柔順護髮→奇蹟柔感原液←現在買再省$100回饋給VIP老客戶只有100組快入手http://tinyurl.com/y3uhxxqt
2019-04-10 11:22:36,吳宛純,978101587,NEWART 紅寶石能量瞬護隔離霜150ml10秒瞬效護髮霜,http://tinyurl.com/y4n7r2aw,★染燙救星神級柔順護髮→奇蹟柔感原液←現在買再省$100回饋給VIP老客戶只有100組快入手http://tinyurl.com/y4n7r2aw
2019-04-01 17:34:07,謝紫瀅,979398348,運費,http://tinyurl.com/y6dd2h6g,★染燙救星神級柔順護髮→奇蹟柔感原液←現在買再省$100回饋給VIP老客戶只有100組快入手http://tinyurl.com/y6dd2h6g
2019-04-10 11:50:02,駱品瑀,981003591,運費,http://tinyurl.com/y3xusake,★染燙救星神級柔順護髮→奇蹟柔感原液←現在買再省$100回饋給VIP老客戶只有100組快入手http://tinyurl.com/y3xusake
2019-04-23 21:34:06,許雅棋,981032577,不沾手的強效保濕神器!3度C保濕舒緩青春露65ml(黑醋栗香氛),http://tinyurl.com/y5x36l24,★染燙救星神級柔順護髮→奇蹟柔感原液←現在買再省$100回饋給VIP老客戶只有100組快入手http://tinyurl.com/y5x36l24
2019-04-29 23:29:02,張嘉琪,981129706,運費,http://tinyurl.com/y56vz88t,★染燙救星神級柔順護髮→奇蹟柔感原液←現在買再省$100回饋給VIP老客戶只有100組快入手http://tinyurl.com/y56vz88t
2019-04-11 11:22:44,林怡君,981305199,運費,http://tinyurl.com/y487m9nx,★染燙救星神級柔順護髮→奇蹟柔感原液←現在買再省$100回饋給VIP老客戶只有100組快入手http://tinyurl.com/y487m9nx
2019-04-09 12:52:45,簡釩純,981712723,運費,http://tinyurl.com/yxbkj23z,★染燙救星神級柔順護髮→奇蹟柔感原液←現在買再省$100回饋給VIP老客戶只有100組快入手http://tinyurl.com/yxbkj23z
2019-04-18 08:57:54,吳明娟,981863909,NEWART 紅寶石能量瞬護隔離霜75ml,http://tinyurl.com/y3zvyypq,★染燙救星神級柔順護髮→奇蹟柔感原液←現在買再省$100回饋給VIP老客戶只有100組快入手http://tinyurl.com/y3zvyypq
2019-04-09 12:18:47,何筱涵,981950763,受損細軟髮專用紅寶石空氣感洗髮精285ml紅石榴萃取保濕秀髮，打造蓬鬆空氣感,http://tinyurl.com/yyns2ryn,★染燙救星神級柔順護髮→奇蹟柔感原液←現在買再省$100回饋給VIP老客戶只有100組快入手http://tinyurl.com/yyns2ryn
2019-04-29 23:18:07,沈藜璇,982069761,運費,http://tinyurl.com/y43o4btu,★染燙救星神級柔順護髮→奇蹟柔感原液←現在買再省$100回饋給VIP老客戶只有100組快入手http://tinyurl.com/y43o4btu
2019-04-28 14:28:40,陳姿穎,982579338,NEWART 紅寶石能量瞬護隔離霜75ml,http://tinyurl.com/y3r9tl88,★染燙救星神級柔順護髮→奇蹟柔感原液←現在買再省$100回饋給VIP老客戶只有100組快入手http://tinyurl.com/y3r9tl88
2019-04-18 21:55:53,劉小娟,983216232,NEWART 紅寶石能量瞬護隔離霜75ml,http://tinyurl.com/y2ksccal,★染燙救星神級柔順護髮→奇蹟柔感原液←現在買再省$100回饋給VIP老客戶只有100組快入手http://tinyurl.com/y2ksccal
2019-04-03 22:39:18,劉小娟,983216262,運費,http://tinyurl.com/yxmwfk3d,★染燙救星神級柔順護髮→奇蹟柔感原液←現在買再省$100回饋給VIP老客戶只有100組快入手http://tinyurl.com/yxmwfk3d
2019-04-08 17:41:59,林宛靜,983683337,[新品] 山金車抗屑頭皮保濕精華120ml★頭皮去屑保濕救星★ ,http://tinyurl.com/y2tx5hos,★染燙救星神級柔順護髮→奇蹟柔感原液←現在買再省$100回饋給VIP老客戶只有100組快入手http://tinyurl.com/y2tx5hos
2019-04-10 21:59:17,楊永琦,984025060,NEWART 【內外髮質雙修】最強免沖洗修護組紅寶石瞬效隔離霜30ml+修護維他命隔離膜100ml,http://tinyurl.com/yyrndfo2,★染燙救星神級柔順護髮→奇蹟柔感原液←現在買再省$100回饋給VIP老客戶只有100組快入手http://tinyurl.com/yyrndfo2
2019-04-14 22:01:44,李澔,987954901,NEWART 紅寶石能量瞬護隔離霜150ml10秒瞬效護髮霜,http://tinyurl.com/yyc93sxk,★染燙救星神級柔順護髮→奇蹟柔感原液←現在買再省$100回饋給VIP老客戶只有100組快入手http://tinyurl.com/yyc93sxk
2019-04-04 23:05:07,許雅,988096699,NEWART 紅寶石能量瞬護隔離霜75ml,http://tinyurl.com/yyfn9lkg,★染燙救星神級柔順護髮→奇蹟柔感原液←現在買再省$100回饋給VIP老客戶只有100組快入手http://tinyurl.com/yyfn9lkg
2019-04-05 21:22:21,葉美芳,988234755,NEWART 保濕鎖水露250ml回復髮絲光澤!維持頭髮一整天不毛躁。,http://tinyurl.com/y3z9qpm2,★染燙救星神級柔順護髮→奇蹟柔感原液←現在買再省$100回饋給VIP老客戶只有100組快入手http://tinyurl.com/y3z9qpm2
2019-04-03 23:15:53,曾藝萍,988310747,NEWART 紅寶石能量瞬護隔離霜75ml,http://tinyurl.com/yxkdjglg,★染燙救星神級柔順護髮→奇蹟柔感原液←現在買再省$100回饋給VIP老客戶只有100組快入手http://tinyurl.com/yxkdjglg
2019-04-10 11:45:49,洪國軒,988550036,NEWART 紅寶石能量瞬護隔離霜75ml,http://tinyurl.com/y5y5zp8b,★染燙救星神級柔順護髮→奇蹟柔感原液←現在買再省$100回饋給VIP老客戶只有100組快入手http://tinyurl.com/y5y5zp8b
2019-04-01 17:48:54,粘珊蕙,988793314,運費,http://tinyurl.com/yyu99j5w,★染燙救星神級柔順護髮→奇蹟柔感原液←現在買再省$100回饋給VIP老客戶只有100組快入手http://tinyurl.com/yyu99j5w
2019-04-17 18:29:13,陳怡伶,989441588,NEWART 紅寶石能量瞬護隔離霜75ml,http://tinyurl.com/y5fyjyvy,★染燙救星神級柔順護髮→奇蹟柔感原液←現在買再省$100回饋給VIP老客戶只有100組快入手http://tinyurl.com/y5fyjyvy
2019-04-26 09:35:52,張鴻賓,989505057,折扣碼,http://tinyurl.com/y325hh2r,★染燙救星神級柔順護髮→奇蹟柔感原液←現在買再省$100回饋給VIP老客戶只有100組快入手http://tinyurl.com/y325hh2r
2019-04-30 00:42:51,張蓉婷,989620521,NEWART 紅寶石能量瞬護隔離霜75ml,http://tinyurl.com/yxox2chz,★染燙救星神級柔順護髮→奇蹟柔感原液←現在買再省$100回饋給VIP老客戶只有100組快入手http://tinyurl.com/yxox2chz
2019-04-23 21:46:16,洪雅婷,989807403,NEWART 紅寶石能量瞬護隔離霜150ml10秒瞬效護髮霜,http://tinyurl.com/y4ztj6r2,★染燙救星神級柔順護髮→奇蹟柔感原液←現在買再省$100回饋給VIP老客戶只有100組快入手http://tinyurl.com/y4ztj6r2
