﻿index,收件人手機,顧客購買機率,平均交易金額,專屬網址,簡訊內容
0,970172415,100.00%,616.2780415270032,http://tinyurl.com/y3nt7shu,ccccchttp://tinyurl.com/y3nt7shu
3,926919713,100.00%,755.1759055621095,http://tinyurl.com/y5jkdcco,ccccchttp://tinyurl.com/y5jkdcco
5,930773326,85.72%,693.4615660427382,http://tinyurl.com/y4gkyu2x,ccccchttp://tinyurl.com/y4gkyu2x
6,952069819,79.01%,887.8486926158623,http://tinyurl.com/y49on9s8,ccccchttp://tinyurl.com/y49on9s8
8,968761825,66.40%,651.6602788221951,http://tinyurl.com/y4qtjasl,ccccchttp://tinyurl.com/y4qtjasl
9,976423443,66.11%,853.1881223555517,http://tinyurl.com/y3kxu6sz,ccccchttp://tinyurl.com/y3kxu6sz
10,973185711,63.58%,892.9709906364529,http://tinyurl.com/yyajyfk7,ccccchttp://tinyurl.com/yyajyfk7
11,987041404,62.93%,694.9516897120569,http://tinyurl.com/y4vk6mmw,ccccchttp://tinyurl.com/y4vk6mmw
14,963455957,57.37%,617.419903264797,http://tinyurl.com/y6zpe6y3,ccccchttp://tinyurl.com/y6zpe6y3
15,968106375,53.87%,655.5736337733433,http://tinyurl.com/y45tcl5t,ccccchttp://tinyurl.com/y45tcl5t
16,919352230,53.79%,965.5223739866168,http://tinyurl.com/y3kt6uxh,ccccchttp://tinyurl.com/y3kt6uxh
20,913778788,42.32%,824.3352179094172,http://tinyurl.com/y6opg32t,ccccchttp://tinyurl.com/y6opg32t
21,921156048,42.23%,982.514239232509,http://tinyurl.com/y6efvm98,ccccchttp://tinyurl.com/y6efvm98
22,982238900,40.45%,696.9447153267171,http://tinyurl.com/y38t32tv,ccccchttp://tinyurl.com/y38t32tv
23,976005106,40.39%,701.6228386543522,http://tinyurl.com/y2vjzm3a,ccccchttp://tinyurl.com/y2vjzm3a
24,926293983,39.72%,727.8941544958935,http://tinyurl.com/y4rao5v4,ccccchttp://tinyurl.com/y4rao5v4
25,926129563,38.69%,701.6228386543522,http://tinyurl.com/y2b35c44,ccccchttp://tinyurl.com/y2b35c44
26,910327503,38.66%,839.3788409516648,http://tinyurl.com/y3mmervz,ccccchttp://tinyurl.com/y3mmervz
27,932287731,38.30%,922.9312938845156,http://tinyurl.com/y2lcmpup,ccccchttp://tinyurl.com/y2lcmpup
28,916245868,37.78%,707.5257002915906,http://tinyurl.com/y2tvkqef,ccccchttp://tinyurl.com/y2tvkqef
30,975302694,36.24%,813.6679879591056,http://tinyurl.com/y63dq2vo,ccccchttp://tinyurl.com/y63dq2vo
31,981801768,34.64%,769.19239614573,http://tinyurl.com/y66rvtzk,ccccchttp://tinyurl.com/y66rvtzk
32,917091183,33.78%,934.0229403295247,http://tinyurl.com/y3gmcutp,ccccchttp://tinyurl.com/y3gmcutp
34,970916225,33.23%,550.0867852414763,http://tinyurl.com/y5hzalld,ccccchttp://tinyurl.com/y5hzalld
35,932763264,32.30%,698.6944468641519,http://tinyurl.com/y5rrs2fy,ccccchttp://tinyurl.com/y5rrs2fy
37,910910664,28.22%,701.6228386543522,http://tinyurl.com/y4xd43rm,ccccchttp://tinyurl.com/y4xd43rm
41,912510664,27.03%,936.066060848208,http://tinyurl.com/y478foye,ccccchttp://tinyurl.com/y478foye
42,910760224,26.93%,955.8728920964484,http://tinyurl.com/y4odbpyr,ccccchttp://tinyurl.com/y4odbpyr
43,923399606,26.14%,691.7818087865793,http://tinyurl.com/y423nh4k,ccccchttp://tinyurl.com/y423nh4k
47,910627361,24.10%,957.5997622386003,http://tinyurl.com/y2k387na,ccccchttp://tinyurl.com/y2k387na
48,987386485,24.03%,936.066060848208,http://tinyurl.com/y3b3fsuf,ccccchttp://tinyurl.com/y3b3fsuf
49,979888656,24.00%,934.0229403295247,http://tinyurl.com/yx9q2qax,ccccchttp://tinyurl.com/yx9q2qax
50,936372929,23.99%,701.6228386543522,http://tinyurl.com/yxuc4ku9,ccccchttp://tinyurl.com/yxuc4ku9
54,920526901,22.73%,701.6228386543522,http://tinyurl.com/y28ve3on,ccccchttp://tinyurl.com/y28ve3on
55,918766086,22.21%,899.6681426905863,http://tinyurl.com/yxp7cexf,ccccchttp://tinyurl.com/yxp7cexf
56,953000071,22.03%,802.3295493802603,http://tinyurl.com/y2v82blu,ccccchttp://tinyurl.com/y2v82blu
57,960543362,21.62%,701.6228386543522,http://tinyurl.com/y353dvsm,ccccchttp://tinyurl.com/y353dvsm
58,952135413,21.52%,707.5257002915906,http://tinyurl.com/yyaxfo4j,ccccchttp://tinyurl.com/yyaxfo4j
61,915007581,20.59%,707.5257002915906,http://tinyurl.com/y6juersd,ccccchttp://tinyurl.com/y6juersd
64,915128159,20.14%,651.6602788221951,http://tinyurl.com/y6qpqf25,ccccchttp://tinyurl.com/y6qpqf25
65,972861376,19.58%,600.2425044453278,http://tinyurl.com/y4jyh43p,ccccchttp://tinyurl.com/y4jyh43p
66,928011718,19.08%,798.9418445142378,http://tinyurl.com/y4epykbu,ccccchttp://tinyurl.com/y4epykbu
68,963685763,18.81%,707.5257002915906,http://tinyurl.com/y2jxt3h3,ccccchttp://tinyurl.com/y2jxt3h3
69,912345678,18.62%,606.9787392764922,http://tinyurl.com/y4vtulca,ccccchttp://tinyurl.com/y4vtulca
72,973135211,17.83%,532.8801561336836,http://tinyurl.com/y5auyfft,ccccchttp://tinyurl.com/y5auyfft
74,919786514,17.39%,651.6602788221951,http://tinyurl.com/y6pugou6,ccccchttp://tinyurl.com/y6pugou6
76,929688977,16.46%,707.5257002915906,http://tinyurl.com/y2o5ladu,ccccchttp://tinyurl.com/y2o5ladu
78,920557715,16.35%,701.6228386543522,http://tinyurl.com/y2zjo8ek,ccccchttp://tinyurl.com/y2zjo8ek
79,922510135,16.23%,971.6167836014597,http://tinyurl.com/y5jyrku3,ccccchttp://tinyurl.com/y5jyrku3
80,932385935,16.04%,651.6602788221951,http://tinyurl.com/y5o6jrqu,ccccchttp://tinyurl.com/y5o6jrqu
81,982833929,15.80%,591.4552638304826,http://tinyurl.com/yyfjcq3t,ccccchttp://tinyurl.com/yyfjcq3t
83,975819237,15.06%,322.11032018657824,http://tinyurl.com/y642xc2f,ccccchttp://tinyurl.com/y642xc2f
84,970981353,14.97%,885.2793140578486,http://tinyurl.com/y6aubw97,ccccchttp://tinyurl.com/y6aubw97
86,977405102,14.45%,707.5257002915906,http://tinyurl.com/y3hak7xg,ccccchttp://tinyurl.com/y3hak7xg
87,919112479,14.38%,824.3352179094172,http://tinyurl.com/y3fkxqnz,ccccchttp://tinyurl.com/y3fkxqnz
88,975557351,14.23%,725.6117491703584,http://tinyurl.com/y3jbqosq,ccccchttp://tinyurl.com/y3jbqosq
89,953525879,14.22%,707.5257002915906,http://tinyurl.com/yxt67q6v,ccccchttp://tinyurl.com/yxt67q6v
91,921918545,14.03%,612.0947231135405,http://tinyurl.com/yydb3r7b,ccccchttp://tinyurl.com/yydb3r7b
93,901333870,13.83%,725.6117491703584,http://tinyurl.com/y5nlu97a,ccccchttp://tinyurl.com/y5nlu97a
94,921919127,13.82%,817.4573429799658,http://tinyurl.com/yxdov5gg,ccccchttp://tinyurl.com/yxdov5gg
95,971224363,13.73%,859.3780731947653,http://tinyurl.com/y56hy86u,ccccchttp://tinyurl.com/y56hy86u
96,935960652,13.57%,707.5257002915906,http://tinyurl.com/y5tlw693,ccccchttp://tinyurl.com/y5tlw693
97,982500367,13.34%,508.9495203412849,http://tinyurl.com/yyxfn9vq,ccccchttp://tinyurl.com/yyxfn9vq
99,958096111,13.17%,900.0151801121968,http://tinyurl.com/y6zvke6a,ccccchttp://tinyurl.com/y6zvke6a
103,978756199,12.65%,701.6228386543522,http://tinyurl.com/yxsav3yw,ccccchttp://tinyurl.com/yxsav3yw
104,921422363,12.28%,686.7031341075431,http://tinyurl.com/yxmpyy2m,ccccchttp://tinyurl.com/yxmpyy2m
107,912925097,11.92%,789.1938914594897,http://tinyurl.com/yyoyq33f,ccccchttp://tinyurl.com/yyoyq33f
109,927152689,11.38%,707.5257002915906,http://tinyurl.com/y286m43s,ccccchttp://tinyurl.com/y286m43s
110,984159065,11.32%,651.6602788221951,http://tinyurl.com/yxofkeck,ccccchttp://tinyurl.com/yxofkeck
111,901080801,11.17%,837.0648292988707,http://tinyurl.com/y4mqa29x,ccccchttp://tinyurl.com/y4mqa29x
112,933220523,11.06%,651.6602788221951,http://tinyurl.com/y6f39pgv,ccccchttp://tinyurl.com/y6f39pgv
113,919085911,11.03%,889.695450470668,http://tinyurl.com/y36uz2mo,ccccchttp://tinyurl.com/y36uz2mo
114,933708849,11.03%,798.9418445142378,http://tinyurl.com/yy7p6p8y,ccccchttp://tinyurl.com/yy7p6p8y
116,963100943,10.90%,631.7022094324452,http://tinyurl.com/yy6ykbv3,ccccchttp://tinyurl.com/yy6ykbv3
117,933654866,10.88%,725.6117491703584,http://tinyurl.com/y5vqnelh,ccccchttp://tinyurl.com/y5vqnelh
119,935151365,10.46%,484.0640144140088,http://tinyurl.com/y2hktrph,ccccchttp://tinyurl.com/y2hktrph
120,953314788,10.36%,612.0947231135405,http://tinyurl.com/yyun298w,ccccchttp://tinyurl.com/yyun298w
121,919945505,10.35%,508.9495203412849,http://tinyurl.com/y5bsst4w,ccccchttp://tinyurl.com/y5bsst4w
124,915715117,10.11%,725.6117491703584,http://tinyurl.com/y6d5kv5p,ccccchttp://tinyurl.com/y6d5kv5p
125,933396423,10.06%,993.92471985011,http://tinyurl.com/y2jwnh66,ccccchttp://tinyurl.com/y2jwnh66
130,919028523,9.78%,796.8178836969078,http://tinyurl.com/y6kt98hg,ccccchttp://tinyurl.com/y6kt98hg
131,970371668,9.75%,581.1355341889538,http://tinyurl.com/y4u9svjg,ccccchttp://tinyurl.com/y4u9svjg
132,935629959,9.71%,725.6117491703584,http://tinyurl.com/y5457zq8,ccccchttp://tinyurl.com/y5457zq8
133,923972288,9.58%,612.0947231135405,http://tinyurl.com/yyg42bng,ccccchttp://tinyurl.com/yyg42bng
136,966777170,9.06%,707.5257002915906,http://tinyurl.com/y369aqjx,ccccchttp://tinyurl.com/y369aqjx
137,938368950,9.03%,973.285260567052,http://tinyurl.com/yy73wg4a,ccccchttp://tinyurl.com/yy73wg4a
139,982876825,8.95%,707.5257002915906,http://tinyurl.com/y55em4xn,ccccchttp://tinyurl.com/y55em4xn
140,931211331,8.92%,651.6602788221951,http://tinyurl.com/yyc8ony4,ccccchttp://tinyurl.com/yyc8ony4
141,987695349,8.84%,636.4242547850873,http://tinyurl.com/y3be3xfr,ccccchttp://tinyurl.com/y3be3xfr
142,937593271,8.81%,725.6117491703584,http://tinyurl.com/y5758hal,ccccchttp://tinyurl.com/y5758hal
143,953629985,8.75%,707.5257002915906,http://tinyurl.com/y52sqxzq,ccccchttp://tinyurl.com/y52sqxzq
146,920895188,8.71%,513.5203275524173,http://tinyurl.com/y2mwofnj,ccccchttp://tinyurl.com/y2mwofnj
147,933793293,8.67%,701.6228386543522,http://tinyurl.com/y3te8ol6,ccccchttp://tinyurl.com/y3te8ol6
149,915087613,8.47%,707.5257002915906,http://tinyurl.com/y46nq5er,ccccchttp://tinyurl.com/y46nq5er
150,928570971,8.44%,707.5257002915906,http://tinyurl.com/y62evm9l,ccccchttp://tinyurl.com/y62evm9l
152,928673549,8.34%,707.5257002915906,http://tinyurl.com/y249j3me,ccccchttp://tinyurl.com/y249j3me
153,931575159,8.30%,707.5257002915906,http://tinyurl.com/y66yez5n,ccccchttp://tinyurl.com/y66yez5n
156,982050990,8.25%,911.3668827178784,http://tinyurl.com/y2qj7bjl,ccccchttp://tinyurl.com/y2qj7bjl
157,980501802,8.01%,707.5257002915906,http://tinyurl.com/y6ottwgy,ccccchttp://tinyurl.com/y6ottwgy
158,985206459,7.97%,631.7022094324452,http://tinyurl.com/y6sb2q2u,ccccchttp://tinyurl.com/y6sb2q2u
