-- MySQL dump 10.13  Distrib 8.0.17, for osx10.14 (x86_64)
--
-- Host: localhost    Database: DataFilter
-- ------------------------------------------------------
-- Server version	8.0.17

/*!40101 SET @OLD_CHARACTER_SET_CLIENT=@@CHARACTER_SET_CLIENT */;
/*!40101 SET @OLD_CHARACTER_SET_RESULTS=@@CHARACTER_SET_RESULTS */;
/*!40101 SET @OLD_COLLATION_CONNECTION=@@COLLATION_CONNECTION */;
/*!50503 SET NAMES utf8mb4 */;
/*!40103 SET @OLD_TIME_ZONE=@@TIME_ZONE */;
/*!40103 SET TIME_ZONE='+00:00' */;
/*!40014 SET @OLD_UNIQUE_CHECKS=@@UNIQUE_CHECKS, UNIQUE_CHECKS=0 */;
/*!40014 SET @OLD_FOREIGN_KEY_CHECKS=@@FOREIGN_KEY_CHECKS, FOREIGN_KEY_CHECKS=0 */;
/*!40101 SET @OLD_SQL_MODE=@@SQL_MODE, SQL_MODE='NO_AUTO_VALUE_ON_ZERO' */;
/*!40111 SET @OLD_SQL_NOTES=@@SQL_NOTES, SQL_NOTES=0 */;

--
-- Table structure for table `Account`
--

DROP TABLE IF EXISTS `Account`;
/*!40101 SET @saved_cs_client     = @@character_set_client */;
/*!50503 SET character_set_client = utf8mb4 */;
CREATE TABLE `Account` (
  `Account` varchar(45) NOT NULL,
  `Password` varchar(45) DEFAULT NULL,
  PRIMARY KEY (`Account`)
) ENGINE=InnoDB DEFAULT CHARSET=utf8;
/*!40101 SET character_set_client = @saved_cs_client */;

--
-- Dumping data for table `Account`
--

LOCK TABLES `Account` WRITE;
/*!40000 ALTER TABLE `Account` DISABLE KEYS */;
INSERT INTO `Account` VALUES ('0978136278','000'),('12345678','000'),('654321','000'),('666666','000'),('777777','000'),('Test','000');
/*!40000 ALTER TABLE `Account` ENABLE KEYS */;
UNLOCK TABLES;

--
-- Table structure for table `AIfilterFile`
--

DROP TABLE IF EXISTS `AIfilterFile`;
/*!40101 SET @saved_cs_client     = @@character_set_client */;
/*!50503 SET character_set_client = utf8mb4 */;
CREATE TABLE `AIfilterFile` (
  `no` int(11) NOT NULL AUTO_INCREMENT,
  `FileName` varchar(100) NOT NULL,
  `Vendor` varchar(40) DEFAULT NULL,
  `CreateTime` datetime DEFAULT NULL,
  `Number` int(11) DEFAULT NULL,
  PRIMARY KEY (`no`)
) ENGINE=InnoDB AUTO_INCREMENT=69 DEFAULT CHARSET=utf8;
/*!40101 SET character_set_client = @saved_cs_client */;

--
-- Dumping data for table `AIfilterFile`
--

LOCK TABLES `AIfilterFile` WRITE;
/*!40000 ALTER TABLE `AIfilterFile` DISABLE KEYS */;
INSERT INTO `AIfilterFile` VALUES (1,'0430b821b6954d928943cd58e2d48a35.csv','666666','2019-07-12 13:41:05',50),(2,'0693ed307c4f44fba49ccfae6cd263e7.csv','666666','2019-06-03 20:52:03',310),(3,'0cb9af867475489187746df7d650cdcd.csv','12345678','2019-05-29 21:11:14',500),(4,'0dd40ba5b2ae4bf3a357f633408998b1.csv','666666','2019-06-05 20:48:35',68),(5,'0e93855bd53c448282460042f60b9150.csv','12345678','2019-06-17 21:35:41',500),(6,'1403aa656f904701a3c5c0524482e3c9.csv','654321','2019-05-13 15:33:50',100),(7,'1d2e36f2d48742608cf76b79ad133694.csv','666666','2019-06-09 21:39:21',1000),(8,'2022118ae2e64a3c8d7387391dc31680.csv','777777','2019-05-13 14:31:44',100),(9,'207db5e493b0415eb60f0b67446f798e.csv','666666','2019-06-29 14:58:40',200),(10,'2eb7d5223a12472f85141b3e8211fdb2.csv','12345678','2019-06-12 16:33:28',200),(11,'2ed9436a748f47d0906209612accd4c1.csv','666666','2019-06-03 20:15:46',200),(12,'307721ae0a784a09b6f79ed663a59d6d.csv','666666','2019-06-05 21:17:29',200),(13,'352d4d5d83594bdc89306e0491015883.csv','666666','2019-07-04 14:24:01',200),(14,'382e72fa47f549f2b1e2928c5c0e6f37.csv','666666','2019-07-03 21:22:24',400),(15,'3a9349456c544fabb89ad4616349d747.csv','666666','2019-06-12 20:45:54',200),(16,'3f0ad16ffd384e339903d54e86ee3e69.csv','666666','2019-06-03 21:12:19',68),(17,'41e7c779fcc240b9ade9bda300009955.csv','777777','2019-05-13 15:33:12',50),(18,'421ae5c1dc704ca2aad1cc7b129dc152.csv','666666','2019-06-02 20:30:16',200),(19,'4bfeb789ec47438e89c99505ebe2a2ce.csv','777777','2019-06-29 23:39:52',50),(20,'4c232e78676c49ce8c6777eb8595084a.csv','666666','2019-06-30 10:33:26',400),(21,'53777d4b06b1419fa037b3f276f114be.csv','666666','2019-06-30 10:30:27',400),(22,'5bb1a270217947368ddc3f080086df40.csv','666666','2019-07-08 20:40:34',38),(23,'5fd9d0b3a56740fca750fd426596468f.csv','666666','2019-06-30 10:41:38',200),(24,'5ffe20530b3d42a7be95d3ab5af422b9.csv','666666','2019-06-02 20:29:43',200),(25,'6255e79d7a66411b881ddadb622b0600.csv','12345678','2019-05-13 14:24:33',200),(26,'6511dde59f8e4170adaafee4edb7d435.csv','666666','2019-06-12 20:01:58',43),(27,'656542e6cf93488394c87f927198fe41.csv','777777','2019-07-09 12:47:16',200),(28,'6bc9f2b48ed34644aa26a338d6427eb5.csv','0978136278','2019-05-13 15:37:13',100),(29,'6f1b26e7ab53486e97f88004f1d0ce6e.csv','666666','2019-06-04 20:41:18',68),(30,'76e213ca53a248bfa3a2c931eb88be23.csv','12345678','2019-06-03 11:53:38',500),(31,'7e7ed90b8015455283623d42a32a6454.csv','777777','2019-06-29 06:09:46',797),(32,'81231b7d098042b89b96ce9c161841cb.csv','666666','2019-06-29 14:57:29',200),(33,'854ca7980a2a42ef9deff823b65a0c43.csv','666666','2019-06-05 21:15:38',43),(34,'864aac8278a441ad8b5b37fecce7d177.csv','777777','2019-05-13 14:28:35',0),(35,'86d920c9c57e4fb89d52ede2b8b07d7e.csv','12345678','2019-06-19 16:12:04',1000),(36,'8733f75830fe4834a42b54c0ad5de191.csv','666666','2019-06-12 20:46:40',200),(37,'8c4644c4ce804193b4c64da6bf03d793.csv','666666','2019-06-03 20:46:45',310),(38,'98387e72459e41e7923dd9c0a93aa195.csv','777777','2019-07-09 12:46:38',200),(39,'9a5b3bf27c2d4223be1e68e2f4dc5a0a.csv','777777','2019-05-13 14:29:49',0),(40,'9b0c5a07d7b6409eac65c35c81a34b50.csv','12345678','2019-05-22 13:55:47',200),(41,'9cf479db660b466e977d7eeb4a6200ff.csv','777777','2019-05-13 14:30:47',0),(42,'a02c7cb17e664b929939e56ab0b1b487.csv','666666','2019-06-03 21:13:05',43),(43,'a0f39c9e7d3643e499874a4c202268de.csv','777777','2019-05-13 14:28:19',0),(44,'a66745f9484748058160ab1b6ddf2efd.csv','777777','2019-06-29 23:40:37',1000),(45,'a737640533b64e89b4f89ed8dc888e5b.csv','777777','2019-05-13 14:31:25',100),(46,'a76373b847a94e6cbef60b7247019bb9.csv','666666','2019-07-05 21:06:36',200),(47,'ab1bad10eac244e08968de3d6df613d8.csv','666666','2019-07-03 21:27:45',165),(48,'baf76742359f43e0b1b41f3575831bda.csv','777777','2019-06-29 06:14:04',797),(49,'bd74ecfe603d49cd93fd34d7a061b83d.csv','777777','2019-06-29 23:41:50',626),(50,'bf25e0e98cb94d9b9ca1002478ac6124.csv','777777','2019-06-29 06:14:33',797),(51,'c04483fcf097462ab9015687d3b143d5.csv','777777','2019-06-29 06:13:35',797),(52,'c7ffb9c366284a9d9769ecaf2f78d4c3.csv','666666','2019-06-13 15:37:31',2000),(53,'ca365455cc8d48bcae94f77f85f3f0ee.csv','666666','2019-06-05 21:17:32',200),(54,'cde4061b12c54626a54e7be3d982f317.csv','654321','2019-05-13 15:51:34',2),(55,'d0f942c84d1f458390b20396a184467a.csv','666666','2019-06-12 20:47:34',200),(56,'d2e6961f8f5f476cb5ad5a635c9ad327.csv','777777','2019-07-02 17:56:48',200),(57,'d9c451940c6641a2bd814896c7655f32.csv','666666','2019-06-29 15:41:21',500),(58,'dc7a972f638d463380bb086fd90d394e.csv','777777','2019-07-11 08:33:51',400),(59,'e3bd12365dfa47f784961c5fbf3000e3.csv','666666','2019-06-12 20:47:11',200),(60,'e43c6a7556f64626a6cad1b86d50f028.csv','777777','2019-07-04 13:45:04',400),(61,'e655a2694d3943b495ed503a30403b5f.csv','777777','2019-06-29 23:47:09',100),(62,'eb1b8e7e89c3471c8c9f082aae00534d.csv','777777','2019-05-30 11:52:03',300),(63,'ec2020afcf4a44238b0ac25b48f5c7f6.csv','777777','2019-07-04 13:36:00',200),(64,'f204baee77a74e13b9d8ba1e759c46ce.csv','666666','2019-06-03 21:10:46',68),(65,'f3006f858b5e4bc09ea625be5c7d349f.csv','777777','2019-05-13 14:34:21',50),(66,'f467e894de6d40f9a746df40a0134b79.csv','666666','2019-06-03 21:11:59',68),(67,'f73d43bb443940249698e1e01962299b.csv','666666','2019-06-23 19:24:55',600),(68,'fe06e0d7da1348fe9f9baf37743ad7d0.csv','777777','2019-07-10 19:38:27',400);
/*!40000 ALTER TABLE `AIfilterFile` ENABLE KEYS */;
UNLOCK TABLES;

--
-- Table structure for table `ColumnMapping`
--

DROP TABLE IF EXISTS `ColumnMapping`;
/*!40101 SET @saved_cs_client     = @@character_set_client */;
/*!50503 SET character_set_client = utf8mb4 */;
CREATE TABLE `ColumnMapping` (
  `no` int(11) NOT NULL AUTO_INCREMENT,
  `defColumn` varchar(40) DEFAULT NULL,
  `Vendor` varchar(40) DEFAULT NULL,
  `FileName` varchar(40) DEFAULT NULL,
  `VendorColumn` varchar(40) DEFAULT NULL,
  PRIMARY KEY (`no`)
) ENGINE=InnoDB AUTO_INCREMENT=609 DEFAULT CHARSET=utf8;
/*!40101 SET character_set_client = @saved_cs_client */;

--
-- Dumping data for table `ColumnMapping`
--

LOCK TABLES `ColumnMapping` WRITE;
/*!40000 ALTER TABLE `ColumnMapping` DISABLE KEYS */;
INSERT INTO `ColumnMapping` VALUES (1,'訂單日期','0978136278','d10479117d3c48288d9bdd2c829efae0.csv','訂購時間'),(2,'收件人手機','0978136278','d10479117d3c48288d9bdd2c829efae0.csv','電話'),(3,'收件人姓名','0978136278','d10479117d3c48288d9bdd2c829efae0.csv','姓名'),(4,'訂單金額','0978136278','d10479117d3c48288d9bdd2c829efae0.csv','產品價錢'),(5,'商品名稱','0978136278','d10479117d3c48288d9bdd2c829efae0.csv','名稱'),(6,'訂單日期','0978136278','48fce68561094bc7acf1801a851edaed.csv','訂單日期'),(7,'收件人手機','0978136278','48fce68561094bc7acf1801a851edaed.csv','收件人手機'),(8,'收件人姓名','0978136278','48fce68561094bc7acf1801a851edaed.csv','收件人'),(9,'訂單金額','0978136278','48fce68561094bc7acf1801a851edaed.csv','訂單金額'),(10,'商品名稱','0978136278','48fce68561094bc7acf1801a851edaed.csv','商品名稱'),(11,'訂單日期','777777','2661af08e08b43d198b8fdb3142b559c.csv','訂購時間'),(12,'收件人手機','777777','2661af08e08b43d198b8fdb3142b559c.csv','電話'),(13,'收件人姓名','777777','2661af08e08b43d198b8fdb3142b559c.csv','姓名'),(14,'訂單金額','777777','2661af08e08b43d198b8fdb3142b559c.csv','產品價錢'),(15,'商品名稱','777777','2661af08e08b43d198b8fdb3142b559c.csv','名稱'),(16,'收件人手機','777777','c6661b2ef13444fba9bb1907b5c12674.csv','電話'),(17,'收件人姓名','777777','c6661b2ef13444fba9bb1907b5c12674.csv','姓名'),(18,'商品名稱','777777','c6661b2ef13444fba9bb1907b5c12674.csv','名稱'),(19,'訂單日期','777777','c6661b2ef13444fba9bb1907b5c12674.csv','訂購時間'),(20,'訂單金額','777777','c6661b2ef13444fba9bb1907b5c12674.csv','產品價錢'),(21,'收件人手機','777777','3c6a962793c7474eb55e817b1e311ba1.csv','電話'),(22,'收件人姓名','777777','3c6a962793c7474eb55e817b1e311ba1.csv','姓名'),(23,'商品名稱','777777','3c6a962793c7474eb55e817b1e311ba1.csv','名稱'),(24,'訂單日期','777777','3c6a962793c7474eb55e817b1e311ba1.csv','訂購時間'),(25,'訂單金額','777777','3c6a962793c7474eb55e817b1e311ba1.csv','產品價錢'),(26,'訂單日期','666666','0efb141777884407a09b343b9baeb249.csv','訂單日期'),(27,'收件人手機','666666','0efb141777884407a09b343b9baeb249.csv','收件人手機'),(28,'收件人姓名','666666','0efb141777884407a09b343b9baeb249.csv','收件人'),(29,'訂單金額','666666','0efb141777884407a09b343b9baeb249.csv','訂單金額'),(30,'商品名稱','666666','0efb141777884407a09b343b9baeb249.csv','商品名稱'),(31,'訂單日期','654321','d66ecb77448c4731ba6b40ecffa55c0a.csv','購買日期'),(32,'收件人手機','654321','d66ecb77448c4731ba6b40ecffa55c0a.csv','購買人聯絡電話'),(33,'收件人姓名','654321','d66ecb77448c4731ba6b40ecffa55c0a.csv','購買人姓名'),(34,'訂單金額','654321','d66ecb77448c4731ba6b40ecffa55c0a.csv','總計'),(35,'商品名稱','654321','d66ecb77448c4731ba6b40ecffa55c0a.csv','品名'),(36,'訂單日期','12345678','234edbbb95154292bf4fb34ba88f12b0.csv','訂單日期'),(37,'收件人手機','12345678','234edbbb95154292bf4fb34ba88f12b0.csv','收件人手機'),(38,'收件人姓名','12345678','234edbbb95154292bf4fb34ba88f12b0.csv','收件人'),(39,'訂單金額','12345678','234edbbb95154292bf4fb34ba88f12b0.csv','訂單金額'),(40,'商品名稱','12345678','234edbbb95154292bf4fb34ba88f12b0.csv','商品名稱'),(41,'收件人手機','666666','99799ae4374947d38f6fabd414fdd785.csv','訂單代碼'),(42,'收件人姓名','666666','99799ae4374947d38f6fabd414fdd785.csv','訂單代碼'),(43,'商品名稱','666666','99799ae4374947d38f6fabd414fdd785.csv','訂單代碼'),(44,'訂單日期','666666','99799ae4374947d38f6fabd414fdd785.csv','訂單代碼'),(45,'訂單金額','666666','99799ae4374947d38f6fabd414fdd785.csv','訂單代碼'),(46,'收件人手機','12345678','11372ec5a58f48828dfa1541404f1d3d.csv','收件人手機'),(47,'收件人姓名','12345678','11372ec5a58f48828dfa1541404f1d3d.csv','收件人'),(48,'商品名稱','12345678','11372ec5a58f48828dfa1541404f1d3d.csv','商品名稱'),(49,'訂單日期','12345678','11372ec5a58f48828dfa1541404f1d3d.csv','訂單日期'),(50,'訂單金額','12345678','11372ec5a58f48828dfa1541404f1d3d.csv','訂單金額'),(51,'收件人手機','12345678','18a85c673efb484ba66dee1e3315a00f.csv','收件人手機'),(52,'收件人姓名','12345678','18a85c673efb484ba66dee1e3315a00f.csv','收件人'),(53,'商品名稱','12345678','18a85c673efb484ba66dee1e3315a00f.csv','商品名稱'),(54,'訂單日期','12345678','18a85c673efb484ba66dee1e3315a00f.csv','訂單日期'),(55,'訂單金額','12345678','18a85c673efb484ba66dee1e3315a00f.csv','訂單金額'),(56,'收件人手機','12345678','21ec14aa8a4c48cd993e3c2e3eda39d0.csv','收件人手機'),(57,'收件人姓名','12345678','21ec14aa8a4c48cd993e3c2e3eda39d0.csv','收件人'),(58,'商品名稱','12345678','21ec14aa8a4c48cd993e3c2e3eda39d0.csv','商品名稱'),(59,'訂單日期','12345678','21ec14aa8a4c48cd993e3c2e3eda39d0.csv','訂單日期'),(60,'訂單金額','12345678','21ec14aa8a4c48cd993e3c2e3eda39d0.csv','訂單金額'),(61,'收件人手機','666666','f9bdcbf85e0d43abb6ec55b02de7c4dc.csv','收件人手機'),(62,'收件人姓名','666666','f9bdcbf85e0d43abb6ec55b02de7c4dc.csv','收件人'),(63,'商品名稱','666666','f9bdcbf85e0d43abb6ec55b02de7c4dc.csv','商品名稱'),(64,'訂單日期','666666','f9bdcbf85e0d43abb6ec55b02de7c4dc.csv','訂單日期'),(65,'訂單金額','666666','f9bdcbf85e0d43abb6ec55b02de7c4dc.csv','訂單金額'),(66,'收件人手機','666666','8222f7e271424722b61d58c794dcdca6.csv','收件人手機'),(67,'收件人姓名','666666','8222f7e271424722b61d58c794dcdca6.csv','收件人'),(68,'商品名稱','666666','8222f7e271424722b61d58c794dcdca6.csv','商品名稱'),(69,'訂單日期','666666','8222f7e271424722b61d58c794dcdca6.csv','訂單日期'),(70,'訂單金額','666666','8222f7e271424722b61d58c794dcdca6.csv','訂單金額'),(71,'訂單日期','0978136278','07381e8c1afa4d2b8ed8e3e07a237abb.csv','訂單日期'),(72,'收件人手機','0978136278','07381e8c1afa4d2b8ed8e3e07a237abb.csv','收件人手機'),(73,'收件人姓名','0978136278','07381e8c1afa4d2b8ed8e3e07a237abb.csv','收件人'),(74,'訂單金額','0978136278','07381e8c1afa4d2b8ed8e3e07a237abb.csv','訂單金額'),(75,'商品名稱','0978136278','07381e8c1afa4d2b8ed8e3e07a237abb.csv','商品名稱'),(76,'收件人手機','654321','a2bf3cb86cf6473c96535643f7e26664.csv','購買人聯絡電話'),(77,'收件人姓名','654321','a2bf3cb86cf6473c96535643f7e26664.csv','購買人姓名'),(78,'商品名稱','654321','a2bf3cb86cf6473c96535643f7e26664.csv','品名'),(79,'訂單日期','654321','a2bf3cb86cf6473c96535643f7e26664.csv','購買日期'),(80,'訂單金額','654321','a2bf3cb86cf6473c96535643f7e26664.csv','總計'),(81,'收件人手機','666666','44867bf6b64d45eeb954bf95bbe755ad.csv','收件人手機'),(82,'收件人姓名','666666','44867bf6b64d45eeb954bf95bbe755ad.csv','收件人'),(83,'商品名稱','666666','44867bf6b64d45eeb954bf95bbe755ad.csv','商品名稱'),(84,'訂單日期','666666','44867bf6b64d45eeb954bf95bbe755ad.csv','訂單日期'),(85,'訂單金額','666666','44867bf6b64d45eeb954bf95bbe755ad.csv','訂單金額'),(86,'收件人手機','666666','1ebd2d6ec9414406b3950db14f3571b5.csv','收件人手機'),(87,'收件人姓名','666666','1ebd2d6ec9414406b3950db14f3571b5.csv','收件人'),(88,'商品名稱','666666','1ebd2d6ec9414406b3950db14f3571b5.csv','商品名稱'),(89,'訂單日期','666666','1ebd2d6ec9414406b3950db14f3571b5.csv','訂單日期'),(90,'訂單金額','666666','1ebd2d6ec9414406b3950db14f3571b5.csv','訂單金額'),(91,'收件人手機','654321','f5af81eead4a4153885cde0d6c8c2241.csv','購買人聯絡電話'),(92,'收件人姓名','654321','f5af81eead4a4153885cde0d6c8c2241.csv','購買人姓名'),(93,'商品名稱','654321','f5af81eead4a4153885cde0d6c8c2241.csv','品名'),(94,'訂單日期','654321','f5af81eead4a4153885cde0d6c8c2241.csv','購買日期'),(95,'訂單金額','654321','f5af81eead4a4153885cde0d6c8c2241.csv','總計'),(96,'收件人手機','777777','fadb1ae214654d1aad766eef60078484.csv','電話'),(97,'收件人姓名','777777','fadb1ae214654d1aad766eef60078484.csv','姓名'),(98,'商品名稱','777777','fadb1ae214654d1aad766eef60078484.csv','名稱'),(99,'訂單日期','777777','fadb1ae214654d1aad766eef60078484.csv','訂購時間'),(100,'訂單金額','777777','fadb1ae214654d1aad766eef60078484.csv','產品價錢'),(101,'收件人手機','777777','7e146470934647ce9d9a6b3e608d5e60.csv','電話'),(102,'收件人姓名','777777','7e146470934647ce9d9a6b3e608d5e60.csv','姓名'),(103,'商品名稱','777777','7e146470934647ce9d9a6b3e608d5e60.csv','名稱'),(104,'訂單日期','777777','7e146470934647ce9d9a6b3e608d5e60.csv','訂購時間'),(105,'訂單金額','777777','7e146470934647ce9d9a6b3e608d5e60.csv','產品價錢'),(106,'收件人手機','777777','3e829c0179494e67bbc4e29bdb530527.csv','電話'),(107,'收件人姓名','777777','3e829c0179494e67bbc4e29bdb530527.csv','姓名'),(108,'商品名稱','777777','3e829c0179494e67bbc4e29bdb530527.csv','名稱'),(109,'訂單日期','777777','3e829c0179494e67bbc4e29bdb530527.csv','訂購時間'),(110,'訂單金額','777777','3e829c0179494e67bbc4e29bdb530527.csv','產品價錢'),(111,'訂單日期','666666','b0774c2a1b6a4d5aad33336343602587.csv','訂單日期'),(112,'收件人手機','666666','b0774c2a1b6a4d5aad33336343602587.csv','收件人手機'),(113,'收件人姓名','666666','b0774c2a1b6a4d5aad33336343602587.csv','收件人'),(114,'訂單金額','666666','b0774c2a1b6a4d5aad33336343602587.csv','訂單金額'),(115,'商品名稱','666666','b0774c2a1b6a4d5aad33336343602587.csv','商品名稱'),(116,'訂單日期','666666','08d723f1d88649aa90f452e5091e3382.csv','訂單日期'),(117,'收件人手機','666666','08d723f1d88649aa90f452e5091e3382.csv','收件人手機'),(118,'收件人姓名','666666','08d723f1d88649aa90f452e5091e3382.csv','收件人'),(119,'訂單金額','666666','08d723f1d88649aa90f452e5091e3382.csv','付款金額'),(120,'商品名稱','666666','08d723f1d88649aa90f452e5091e3382.csv','商品名稱'),(121,'收件人手機','666666','24965da34def415791f291c44d339f2e.csv','收件人手機'),(122,'收件人姓名','666666','24965da34def415791f291c44d339f2e.csv','收件人'),(123,'商品名稱','666666','24965da34def415791f291c44d339f2e.csv','商品名稱'),(124,'訂單日期','666666','24965da34def415791f291c44d339f2e.csv','訂單日期'),(125,'訂單金額','666666','24965da34def415791f291c44d339f2e.csv','付款金額'),(126,'收件人手機','666666','f1cb08fecff244298adf908c3a0d1d20.csv','收件人手機'),(127,'收件人姓名','666666','f1cb08fecff244298adf908c3a0d1d20.csv','收件人'),(128,'商品名稱','666666','f1cb08fecff244298adf908c3a0d1d20.csv','商品名稱'),(129,'訂單日期','666666','f1cb08fecff244298adf908c3a0d1d20.csv','訂單日期'),(130,'訂單金額','666666','f1cb08fecff244298adf908c3a0d1d20.csv','付款金額'),(131,'收件人手機','666666','2c4a8eae58f94d35ac403b29cceac177.csv','收件人手機'),(132,'收件人姓名','666666','2c4a8eae58f94d35ac403b29cceac177.csv','收件人'),(133,'商品名稱','666666','2c4a8eae58f94d35ac403b29cceac177.csv','商品名稱'),(134,'訂單日期','666666','2c4a8eae58f94d35ac403b29cceac177.csv','訂單日期'),(135,'訂單金額','666666','2c4a8eae58f94d35ac403b29cceac177.csv','付款金額'),(136,'訂單日期','777777','e67131e5e1024559826ba1f1e1194f86.csv','時間'),(137,'收件人手機','777777','e67131e5e1024559826ba1f1e1194f86.csv','電話'),(138,'收件人姓名','777777','e67131e5e1024559826ba1f1e1194f86.csv','姓名'),(139,'訂單金額','777777','e67131e5e1024559826ba1f1e1194f86.csv','金額'),(140,'商品名稱','777777','e67131e5e1024559826ba1f1e1194f86.csv','商品'),(146,'收件人手機','777777','1ff2894e23ec4e72bc8ca4da9256df15.csv','電話'),(147,'收件人姓名','777777','1ff2894e23ec4e72bc8ca4da9256df15.csv','姓名'),(148,'商品名稱','777777','1ff2894e23ec4e72bc8ca4da9256df15.csv','商品'),(149,'訂單日期','777777','1ff2894e23ec4e72bc8ca4da9256df15.csv','時間'),(150,'訂單金額','777777','1ff2894e23ec4e72bc8ca4da9256df15.csv','金額'),(151,'收件人手機','777777','d7a6b54a7ad84311b935ca4cac846411.csv','電話'),(152,'收件人姓名','777777','d7a6b54a7ad84311b935ca4cac846411.csv','姓名'),(153,'商品名稱','777777','d7a6b54a7ad84311b935ca4cac846411.csv','名稱'),(154,'訂單日期','777777','d7a6b54a7ad84311b935ca4cac846411.csv','訂購時間'),(155,'訂單金額','777777','d7a6b54a7ad84311b935ca4cac846411.csv','產品價錢'),(156,'收件人手機','654321','d3f0ff1623a24f07924cb1035648ca99.csv','購買人聯絡電話'),(157,'收件人姓名','654321','d3f0ff1623a24f07924cb1035648ca99.csv','購買人姓名'),(158,'商品名稱','654321','d3f0ff1623a24f07924cb1035648ca99.csv','品名'),(159,'訂單日期','654321','d3f0ff1623a24f07924cb1035648ca99.csv','購買日期'),(160,'訂單金額','654321','d3f0ff1623a24f07924cb1035648ca99.csv','總計'),(161,'訂單日期','666666','f7a420d0b9f844158212b91e39c2bda9.csv','訂單日期'),(162,'收件人手機','666666','f7a420d0b9f844158212b91e39c2bda9.csv','收件人手機'),(163,'收件人姓名','666666','f7a420d0b9f844158212b91e39c2bda9.csv','收件人'),(164,'訂單金額','666666','f7a420d0b9f844158212b91e39c2bda9.csv','訂單金額'),(165,'商品名稱','666666','f7a420d0b9f844158212b91e39c2bda9.csv','商品名稱'),(166,'訂單日期','666666','56877dfc3176485984eb7d0d1aed2bdc.csv','表格 1'),(167,'收件人手機','666666','56877dfc3176485984eb7d0d1aed2bdc.csv','表格 1'),(168,'收件人姓名','666666','56877dfc3176485984eb7d0d1aed2bdc.csv','表格 1'),(169,'訂單金額','666666','56877dfc3176485984eb7d0d1aed2bdc.csv','表格 1'),(170,'商品名稱','666666','56877dfc3176485984eb7d0d1aed2bdc.csv','表格 1'),(171,'收件人手機','666666','876617952ceb44049604ff39fdfe4557.csv','表格 1'),(172,'收件人姓名','666666','876617952ceb44049604ff39fdfe4557.csv','表格 1'),(173,'商品名稱','666666','876617952ceb44049604ff39fdfe4557.csv','表格 1'),(174,'訂單日期','666666','876617952ceb44049604ff39fdfe4557.csv','表格 1'),(175,'訂單金額','666666','876617952ceb44049604ff39fdfe4557.csv','表格 1'),(176,'收件人手機','666666','cba671dcfd244d9eb2350518ae4a71c6.csv','表格 1'),(177,'收件人姓名','666666','cba671dcfd244d9eb2350518ae4a71c6.csv','表格 1'),(178,'商品名稱','666666','cba671dcfd244d9eb2350518ae4a71c6.csv','表格 1'),(179,'訂單日期','666666','cba671dcfd244d9eb2350518ae4a71c6.csv','表格 1'),(180,'訂單金額','666666','cba671dcfd244d9eb2350518ae4a71c6.csv','表格 1'),(181,'收件人手機','666666','5e458a82ec624c2498f4918861b64184.csv','表格 1'),(182,'收件人姓名','666666','5e458a82ec624c2498f4918861b64184.csv','表格 1'),(183,'商品名稱','666666','5e458a82ec624c2498f4918861b64184.csv','表格 1'),(184,'訂單日期','666666','5e458a82ec624c2498f4918861b64184.csv','表格 1'),(185,'訂單金額','666666','5e458a82ec624c2498f4918861b64184.csv','表格 1'),(186,'訂單日期','666666','1a2da59ba52f48b9a20cc2852d43e5b2.csv','表格 1'),(187,'收件人手機','666666','1a2da59ba52f48b9a20cc2852d43e5b2.csv','表格 1'),(188,'收件人姓名','666666','1a2da59ba52f48b9a20cc2852d43e5b2.csv','表格 1'),(189,'訂單金額','666666','1a2da59ba52f48b9a20cc2852d43e5b2.csv','表格 1'),(190,'商品名稱','666666','1a2da59ba52f48b9a20cc2852d43e5b2.csv','表格 1'),(191,'收件人手機','666666','b9a51c18210f430cb9b97d088c710a0b.csv','表格 1'),(192,'收件人姓名','666666','b9a51c18210f430cb9b97d088c710a0b.csv','表格 1'),(193,'商品名稱','666666','b9a51c18210f430cb9b97d088c710a0b.csv','表格 1'),(194,'訂單日期','666666','b9a51c18210f430cb9b97d088c710a0b.csv','表格 1'),(195,'訂單金額','666666','b9a51c18210f430cb9b97d088c710a0b.csv','表格 1'),(196,'收件人手機','666666','47221e97fbe048e8ba55be4120d1ef50.csv','表格 1'),(197,'收件人姓名','666666','47221e97fbe048e8ba55be4120d1ef50.csv','表格 1'),(198,'商品名稱','666666','47221e97fbe048e8ba55be4120d1ef50.csv','表格 1'),(199,'訂單日期','666666','47221e97fbe048e8ba55be4120d1ef50.csv','表格 1'),(200,'訂單金額','666666','47221e97fbe048e8ba55be4120d1ef50.csv','表格 1'),(201,'訂單日期','0978136278','4316992e49a84096be36f5aebef2eb4f.csv','訂單日期'),(202,'收件人手機','0978136278','4316992e49a84096be36f5aebef2eb4f.csv','收件人'),(203,'收件人姓名','0978136278','4316992e49a84096be36f5aebef2eb4f.csv','收件人'),(204,'訂單金額','0978136278','4316992e49a84096be36f5aebef2eb4f.csv','訂單金額'),(205,'商品名稱','0978136278','4316992e49a84096be36f5aebef2eb4f.csv','商品名稱'),(206,'收件人手機','0978136278','d63c9db5898240938dcf8f878ce5666a.csv','收件人手機'),(207,'收件人姓名','0978136278','d63c9db5898240938dcf8f878ce5666a.csv','收件人'),(208,'商品名稱','0978136278','d63c9db5898240938dcf8f878ce5666a.csv','商品名稱'),(209,'訂單日期','0978136278','d63c9db5898240938dcf8f878ce5666a.csv','訂單日期'),(210,'訂單金額','0978136278','d63c9db5898240938dcf8f878ce5666a.csv','訂單金額'),(211,'收件人手機','0978136278','a79571b955bb4d98b1ef91ce65b2867b.csv','收件人手機'),(212,'收件人姓名','0978136278','a79571b955bb4d98b1ef91ce65b2867b.csv','收件人'),(213,'商品名稱','0978136278','a79571b955bb4d98b1ef91ce65b2867b.csv','商品名稱'),(214,'訂單日期','0978136278','a79571b955bb4d98b1ef91ce65b2867b.csv','訂單日期'),(215,'訂單金額','0978136278','a79571b955bb4d98b1ef91ce65b2867b.csv','訂單金額'),(216,'收件人手機','0978136278','7fd08a17fc6348149d57b16619872650.csv','收件人手機'),(217,'收件人姓名','0978136278','7fd08a17fc6348149d57b16619872650.csv','收件人'),(218,'商品名稱','0978136278','7fd08a17fc6348149d57b16619872650.csv','商品名稱'),(219,'訂單日期','0978136278','7fd08a17fc6348149d57b16619872650.csv','訂單日期'),(220,'訂單金額','0978136278','7fd08a17fc6348149d57b16619872650.csv','訂單金額'),(221,'收件人手機','0978136278','b2f3cd30f34b4d6a8a75bf51ec60b34c.csv','收件人手機'),(222,'收件人姓名','0978136278','b2f3cd30f34b4d6a8a75bf51ec60b34c.csv','收件人'),(223,'商品名稱','0978136278','b2f3cd30f34b4d6a8a75bf51ec60b34c.csv','商品名稱'),(224,'訂單日期','0978136278','b2f3cd30f34b4d6a8a75bf51ec60b34c.csv','訂單日期'),(225,'訂單金額','0978136278','b2f3cd30f34b4d6a8a75bf51ec60b34c.csv','訂單金額'),(226,'收件人手機','0978136278','4719a73c1e954796825a2c309fd125e6.csv','收件人手機'),(227,'收件人手機','0978136278','27e900e475ba4b2c83c9f6d61c5fe8ad.csv','收件人手機'),(228,'收件人姓名','0978136278','27e900e475ba4b2c83c9f6d61c5fe8ad.csv','收件人'),(229,'商品名稱','0978136278','27e900e475ba4b2c83c9f6d61c5fe8ad.csv','商品名稱'),(230,'訂單日期','0978136278','27e900e475ba4b2c83c9f6d61c5fe8ad.csv','訂單日期'),(231,'訂單金額','0978136278','27e900e475ba4b2c83c9f6d61c5fe8ad.csv','訂單金額'),(232,'收件人手機','0978136278','9632838f424e4106952134186e8d3cfc.csv','收件人手機'),(233,'收件人姓名','0978136278','9632838f424e4106952134186e8d3cfc.csv','收件人姓名'),(234,'收件人手機','0978136278','0a7961d54b0140b5908fd067d83d9dd4.csv','收件人手機'),(235,'收件人姓名','0978136278','0a7961d54b0140b5908fd067d83d9dd4.csv','收件人姓名'),(236,'收件人手機','12345678','bd8b77f57e754ee1a6d0c28f517ee157.csv','收件人手機'),(237,'收件人姓名','12345678','bd8b77f57e754ee1a6d0c28f517ee157.csv','收件人'),(238,'商品名稱','12345678','bd8b77f57e754ee1a6d0c28f517ee157.csv','商品名稱'),(239,'訂單日期','12345678','bd8b77f57e754ee1a6d0c28f517ee157.csv','訂單日期'),(240,'訂單金額','12345678','bd8b77f57e754ee1a6d0c28f517ee157.csv','訂單金額'),(241,'收件人手機','12345678','09021d9f2ff64c1995e88fd1fbd6c707.csv','收件人手機'),(242,'收件人姓名','12345678','09021d9f2ff64c1995e88fd1fbd6c707.csv','收件人'),(243,'商品名稱','12345678','09021d9f2ff64c1995e88fd1fbd6c707.csv','商品名稱'),(244,'訂單日期','12345678','09021d9f2ff64c1995e88fd1fbd6c707.csv','訂單日期'),(245,'訂單金額','12345678','09021d9f2ff64c1995e88fd1fbd6c707.csv','訂單金額'),(246,'收件人手機','654321','f5bf794021224465b3769eacfbb68dea.csv','收件人手機'),(247,'收件人姓名','654321','f5bf794021224465b3769eacfbb68dea.csv','收件人姓名'),(248,'收件人手機','777777','bae8a6689c79404e88eafdbb7a78c656.csv','收件人手機'),(249,'收件人姓名','777777','bae8a6689c79404e88eafdbb7a78c656.csv','收件人姓名'),(250,'訂單日期','666666','529bec865ed54738a090fe22430ff0ee.csv','訂單代碼'),(251,'收件人手機','666666','529bec865ed54738a090fe22430ff0ee.csv','訂單代碼'),(252,'收件人姓名','666666','529bec865ed54738a090fe22430ff0ee.csv','訂單代碼'),(253,'訂單金額','666666','529bec865ed54738a090fe22430ff0ee.csv','訂單代碼'),(254,'商品名稱','666666','529bec865ed54738a090fe22430ff0ee.csv','訂單代碼'),(255,'收件人手機','666666','6f5a184b5f834b4780e438e652d8e595.csv','收件人手機'),(256,'收件人姓名','666666','6f5a184b5f834b4780e438e652d8e595.csv','收件人姓名'),(257,'收件人手機','666666','b99b5e00db004070ab2890fc77ea147a.csv','收件人手機'),(258,'收件人姓名','666666','b99b5e00db004070ab2890fc77ea147a.csv','收件人姓名'),(259,'收件人手機','666666','0088ca949c54447198c0370fc2cbcf6d.csv','收件人手機'),(260,'收件人姓名','666666','0088ca949c54447198c0370fc2cbcf6d.csv','收件人姓名'),(261,'收件人手機','666666','ad2bbb8affcd4bf99e027b2b411a929b.csv','收件人手機'),(262,'收件人姓名','666666','ad2bbb8affcd4bf99e027b2b411a929b.csv','收件人姓名'),(263,'收件人手機','666666','246c9cc484f54d4288819a5ef6ad124b.csv','收件人手機'),(264,'收件人姓名','666666','246c9cc484f54d4288819a5ef6ad124b.csv','收件人姓名'),(265,'收件人手機','666666','9980c34662f1421c945ab43e96514fe1.csv','收件人手機'),(266,'收件人姓名','666666','9980c34662f1421c945ab43e96514fe1.csv','收件人姓名'),(267,'收件人手機','666666','2b0dc5c8f7694434b51b05eba9fca2ff.csv','收件人手機'),(268,'收件人姓名','666666','2b0dc5c8f7694434b51b05eba9fca2ff.csv','收件人姓名'),(269,'收件人手機','666666','979334d9e863463799c9be2da131fa0b.csv','收件人手機'),(270,'收件人姓名','666666','979334d9e863463799c9be2da131fa0b.csv','收件人姓名'),(271,'收件人手機','666666','71607ecfae6c479ea5f4801cbf15b76f.csv','收件人手機'),(272,'收件人姓名','666666','71607ecfae6c479ea5f4801cbf15b76f.csv','收件人姓名'),(273,'收件人手機','666666','3cc0cbdeeb2c4975b4037cdeab0ce496.csv','收件人手機'),(274,'收件人姓名','666666','3cc0cbdeeb2c4975b4037cdeab0ce496.csv','收件人姓名'),(275,'收件人手機','666666','b61a020dd1a04e10881647344352d873.csv','收件人手機'),(276,'收件人姓名','666666','b61a020dd1a04e10881647344352d873.csv','收件人姓名'),(277,'收件人手機','666666','1d7707f2f54140e1aec034b8feeb52ad.csv','收件人手機'),(278,'收件人姓名','666666','1d7707f2f54140e1aec034b8feeb52ad.csv','收件人姓名'),(279,'收件人手機','666666','2d2e294989e0415c9750fe14cd3d3bfa.csv','收件人手機'),(280,'收件人姓名','666666','2d2e294989e0415c9750fe14cd3d3bfa.csv','收件人姓名'),(281,'訂單日期','666666','21c3ef7539bb4dbf8bd5fb7b07eecf0b.csv','序號'),(282,'收件人手機','666666','21c3ef7539bb4dbf8bd5fb7b07eecf0b.csv','收件人手機'),(283,'收件人姓名','666666','21c3ef7539bb4dbf8bd5fb7b07eecf0b.csv','序號'),(284,'訂單金額','666666','21c3ef7539bb4dbf8bd5fb7b07eecf0b.csv','序號'),(285,'商品名稱','666666','21c3ef7539bb4dbf8bd5fb7b07eecf0b.csv','序號'),(296,'訂單日期','666666','6c6f1b31de16414aae567d19e556cab3.csv','序號'),(297,'收件人手機','666666','6c6f1b31de16414aae567d19e556cab3.csv','收件人手機'),(298,'收件人姓名','666666','6c6f1b31de16414aae567d19e556cab3.csv','序號'),(299,'訂單金額','666666','6c6f1b31de16414aae567d19e556cab3.csv','序號'),(300,'商品名稱','666666','6c6f1b31de16414aae567d19e556cab3.csv','序號'),(306,'收件人手機','666666','534a79952f6b4599ac31a81914cee423.csv','收件人手機'),(307,'收件人姓名','666666','534a79952f6b4599ac31a81914cee423.csv','序號'),(308,'商品名稱','666666','534a79952f6b4599ac31a81914cee423.csv','序號'),(309,'訂單日期','666666','534a79952f6b4599ac31a81914cee423.csv','序號'),(310,'訂單金額','666666','534a79952f6b4599ac31a81914cee423.csv','序號'),(311,'收件人手機','666666','f1b0dcbccfc14c98a43b73dcd828743e.csv','收件人手機'),(312,'收件人姓名','666666','f1b0dcbccfc14c98a43b73dcd828743e.csv','序號'),(313,'商品名稱','666666','f1b0dcbccfc14c98a43b73dcd828743e.csv','序號'),(314,'訂單日期','666666','f1b0dcbccfc14c98a43b73dcd828743e.csv','序號'),(315,'訂單金額','666666','f1b0dcbccfc14c98a43b73dcd828743e.csv','序號'),(326,'收件人手機','0978136278','8855a3e3fe02420ca80fe5a7f97a8056.csv','收件人手機'),(327,'收件人姓名','0978136278','8855a3e3fe02420ca80fe5a7f97a8056.csv','收件人'),(328,'商品名稱','0978136278','8855a3e3fe02420ca80fe5a7f97a8056.csv','商品名稱'),(329,'訂單日期','0978136278','8855a3e3fe02420ca80fe5a7f97a8056.csv','訂單日期'),(330,'訂單金額','0978136278','8855a3e3fe02420ca80fe5a7f97a8056.csv','訂單金額'),(331,'收件人手機','666666','7f83ff2f0f754ba9ae6d588a9703ab11.csv','收件人手機'),(332,'收件人姓名','666666','7f83ff2f0f754ba9ae6d588a9703ab11.csv','序號'),(333,'商品名稱','666666','7f83ff2f0f754ba9ae6d588a9703ab11.csv','序號'),(334,'訂單日期','666666','7f83ff2f0f754ba9ae6d588a9703ab11.csv','序號'),(335,'訂單金額','666666','7f83ff2f0f754ba9ae6d588a9703ab11.csv','序號'),(336,'訂單日期','666666','0ff6dcd5cb1b44158e51607245b37148.csv','全選 150'),(337,'收件人手機','666666','0ff6dcd5cb1b44158e51607245b37148.csv','Unnamed: 1'),(338,'收件人姓名','666666','0ff6dcd5cb1b44158e51607245b37148.csv','全選 150'),(339,'訂單金額','666666','0ff6dcd5cb1b44158e51607245b37148.csv','全選 150'),(340,'商品名稱','666666','0ff6dcd5cb1b44158e51607245b37148.csv','全選 150'),(341,'收件人手機','666666','eedafd5b29ca4efb81d4f8968b562471.csv','Unnamed: 1'),(342,'收件人姓名','666666','eedafd5b29ca4efb81d4f8968b562471.csv','全選 150'),(343,'商品名稱','666666','eedafd5b29ca4efb81d4f8968b562471.csv','全選 150'),(344,'訂單日期','666666','eedafd5b29ca4efb81d4f8968b562471.csv','全選 150'),(345,'訂單金額','666666','eedafd5b29ca4efb81d4f8968b562471.csv','全選 150'),(346,'收件人手機','666666','0f17ff8f079a4f47b73a6f9032d52cc4.csv','Unnamed: 1'),(347,'收件人姓名','666666','0f17ff8f079a4f47b73a6f9032d52cc4.csv','全選 150'),(348,'商品名稱','666666','0f17ff8f079a4f47b73a6f9032d52cc4.csv','全選 150'),(349,'訂單日期','666666','0f17ff8f079a4f47b73a6f9032d52cc4.csv','全選 150'),(350,'訂單金額','666666','0f17ff8f079a4f47b73a6f9032d52cc4.csv','全選 150'),(351,'訂單日期','666666','9b7ea639826f475699c407f49c2b6de6.csv','序號'),(352,'收件人手機','666666','9b7ea639826f475699c407f49c2b6de6.csv','收件人手機'),(353,'收件人姓名','666666','9b7ea639826f475699c407f49c2b6de6.csv','序號'),(354,'訂單金額','666666','9b7ea639826f475699c407f49c2b6de6.csv','序號'),(355,'商品名稱','666666','9b7ea639826f475699c407f49c2b6de6.csv','序號'),(356,'收件人手機','666666','8129c73df5b54a0e92c68be51d19aaff.csv','收件人手機'),(357,'收件人姓名','666666','8129c73df5b54a0e92c68be51d19aaff.csv','序號'),(358,'商品名稱','666666','8129c73df5b54a0e92c68be51d19aaff.csv','序號'),(359,'訂單日期','666666','8129c73df5b54a0e92c68be51d19aaff.csv','序號'),(360,'訂單金額','666666','8129c73df5b54a0e92c68be51d19aaff.csv','序號'),(361,'收件人手機','666666','fd5b5c4e8a49410aa42e0cc8936efd2e.csv','收件人手機'),(362,'收件人姓名','666666','fd5b5c4e8a49410aa42e0cc8936efd2e.csv','序號'),(363,'商品名稱','666666','fd5b5c4e8a49410aa42e0cc8936efd2e.csv','序號'),(364,'訂單日期','666666','fd5b5c4e8a49410aa42e0cc8936efd2e.csv','序號'),(365,'訂單金額','666666','fd5b5c4e8a49410aa42e0cc8936efd2e.csv','序號'),(366,'訂單日期','0978136278','c1d5f796d2aa4547aeb09384524994f5.csv','訂購時間'),(367,'收件人手機','0978136278','c1d5f796d2aa4547aeb09384524994f5.csv','電話'),(368,'收件人姓名','0978136278','c1d5f796d2aa4547aeb09384524994f5.csv','姓名'),(369,'訂單金額','0978136278','c1d5f796d2aa4547aeb09384524994f5.csv','產品價錢'),(370,'商品名稱','0978136278','c1d5f796d2aa4547aeb09384524994f5.csv','名稱'),(371,'收件人手機','0978136278','89ec02f92d6f40d997f6139e3ade396f.csv','電話'),(372,'收件人姓名','0978136278','89ec02f92d6f40d997f6139e3ade396f.csv','姓名'),(373,'商品名稱','0978136278','89ec02f92d6f40d997f6139e3ade396f.csv','名稱'),(374,'訂單日期','0978136278','89ec02f92d6f40d997f6139e3ade396f.csv','訂購時間'),(375,'訂單金額','0978136278','89ec02f92d6f40d997f6139e3ade396f.csv','產品價錢'),(376,'收件人手機','0978136278','6260b96192d14f9299e0e51ed5ae0d0e.csv','電話'),(377,'收件人姓名','0978136278','6260b96192d14f9299e0e51ed5ae0d0e.csv','姓名'),(378,'商品名稱','0978136278','6260b96192d14f9299e0e51ed5ae0d0e.csv','名稱'),(379,'訂單日期','0978136278','6260b96192d14f9299e0e51ed5ae0d0e.csv','訂購時間'),(380,'訂單金額','0978136278','6260b96192d14f9299e0e51ed5ae0d0e.csv','產品價錢'),(381,'訂單日期','666666','e48af2a0611c45a0a7907987b1de4527.csv','序號'),(382,'收件人手機','666666','e48af2a0611c45a0a7907987b1de4527.csv','收件人手機'),(383,'收件人姓名','666666','e48af2a0611c45a0a7907987b1de4527.csv','序號'),(384,'訂單金額','666666','e48af2a0611c45a0a7907987b1de4527.csv','序號'),(385,'商品名稱','666666','e48af2a0611c45a0a7907987b1de4527.csv','序號'),(386,'收件人手機','666666','e967adcdfe3f49a5b0833fa6512f770b.csv','收件人手機'),(387,'收件人姓名','666666','e967adcdfe3f49a5b0833fa6512f770b.csv','序號'),(388,'商品名稱','666666','e967adcdfe3f49a5b0833fa6512f770b.csv','序號'),(389,'訂單日期','666666','e967adcdfe3f49a5b0833fa6512f770b.csv','序號'),(390,'訂單金額','666666','e967adcdfe3f49a5b0833fa6512f770b.csv','序號'),(391,'訂單日期','666666','c73d06088f204c76a2d88560c90d6819.csv','序號'),(392,'收件人手機','666666','c73d06088f204c76a2d88560c90d6819.csv','收件人手機'),(393,'收件人姓名','666666','c73d06088f204c76a2d88560c90d6819.csv','序號'),(394,'訂單金額','666666','c73d06088f204c76a2d88560c90d6819.csv','序號'),(395,'商品名稱','666666','c73d06088f204c76a2d88560c90d6819.csv','序號'),(396,'收件人手機','666666','9aae3e1e51b54cd9a4b386dfd99cb2bb.csv','收件人手機'),(397,'收件人姓名','666666','9aae3e1e51b54cd9a4b386dfd99cb2bb.csv','序號'),(398,'商品名稱','666666','9aae3e1e51b54cd9a4b386dfd99cb2bb.csv','序號'),(399,'訂單日期','666666','9aae3e1e51b54cd9a4b386dfd99cb2bb.csv','序號'),(400,'訂單金額','666666','9aae3e1e51b54cd9a4b386dfd99cb2bb.csv','序號'),(401,'收件人手機','666666','167e87a3b28043a0b2ce624f8c447335.csv','收件人手機'),(402,'收件人姓名','666666','167e87a3b28043a0b2ce624f8c447335.csv','序號'),(403,'商品名稱','666666','167e87a3b28043a0b2ce624f8c447335.csv','序號'),(404,'訂單日期','666666','167e87a3b28043a0b2ce624f8c447335.csv','序號'),(405,'訂單金額','666666','167e87a3b28043a0b2ce624f8c447335.csv','序號'),(406,'收件人手機','666666','a062ec23dec54f10a0f4ad52a87b3e8b.csv','收件人手機'),(407,'收件人姓名','666666','a062ec23dec54f10a0f4ad52a87b3e8b.csv','收件人姓名'),(423,'收件人手機','777777','bee692da7eaf472d8a46510b886d8cd8.csv','收件人手機'),(424,'收件人姓名','777777','bee692da7eaf472d8a46510b886d8cd8.csv','收件人姓名'),(425,'收件人手機','777777','9c82487c36664baaa3ccf1c3e8b9b103.csv','收件人手機'),(426,'收件人姓名','777777','9c82487c36664baaa3ccf1c3e8b9b103.csv','收件人姓名'),(427,'訂單日期','777777','b5ab27164aaa431d833475e9247b76d8.csv','訂購時間'),(428,'收件人手機','777777','b5ab27164aaa431d833475e9247b76d8.csv','電話'),(429,'收件人姓名','777777','b5ab27164aaa431d833475e9247b76d8.csv','姓名'),(430,'訂單金額','777777','b5ab27164aaa431d833475e9247b76d8.csv','訂單總額'),(431,'商品名稱','777777','b5ab27164aaa431d833475e9247b76d8.csv','名稱'),(432,'收件人手機','777777','8470ccd4a94a4574a88018b4cd87da4c.csv','電話'),(433,'收件人姓名','777777','8470ccd4a94a4574a88018b4cd87da4c.csv','姓名'),(434,'商品名稱','777777','8470ccd4a94a4574a88018b4cd87da4c.csv','名稱'),(435,'訂單日期','777777','8470ccd4a94a4574a88018b4cd87da4c.csv','訂購時間'),(436,'訂單金額','777777','8470ccd4a94a4574a88018b4cd87da4c.csv','訂單總額'),(437,'收件人手機','666666','e059b0ac0e06430a9b13cd5042fc12f7.csv','收件人手機'),(438,'收件人姓名','666666','e059b0ac0e06430a9b13cd5042fc12f7.csv','收件人姓名'),(439,'收件人手機','777777','33e54f2013fd48e28fc203307d476743.csv','電話'),(440,'收件人姓名','777777','33e54f2013fd48e28fc203307d476743.csv','姓名'),(441,'商品名稱','777777','33e54f2013fd48e28fc203307d476743.csv','名稱'),(442,'訂單日期','777777','33e54f2013fd48e28fc203307d476743.csv','訂購時間'),(443,'訂單金額','777777','33e54f2013fd48e28fc203307d476743.csv','訂單總額'),(444,'收件人手機','777777','89e2c659acbf458fb3fd0c69521ac511.csv','收件人手機'),(445,'收件人姓名','777777','89e2c659acbf458fb3fd0c69521ac511.csv','收件人姓名'),(446,'收件人手機','666666','d438fb56d1e24d0e90452b1bc515f310.csv','收件人手機'),(447,'收件人姓名','666666','d438fb56d1e24d0e90452b1bc515f310.csv','收件人姓名'),(448,'訂單日期','777777','eb8d492abdd442f28b65aef1a375d333.csv','index'),(449,'收件人手機','777777','eb8d492abdd442f28b65aef1a375d333.csv','收件人手機'),(450,'收件人姓名','777777','eb8d492abdd442f28b65aef1a375d333.csv','index'),(451,'訂單金額','777777','eb8d492abdd442f28b65aef1a375d333.csv','平均交易金額'),(452,'商品名稱','777777','eb8d492abdd442f28b65aef1a375d333.csv','index'),(453,'收件人手機','777777','b3b8499cc3c044569fabc45814002ed7.csv','收件人手機'),(454,'收件人姓名','777777','b3b8499cc3c044569fabc45814002ed7.csv','index'),(455,'商品名稱','777777','b3b8499cc3c044569fabc45814002ed7.csv','index'),(456,'訂單日期','777777','b3b8499cc3c044569fabc45814002ed7.csv','index'),(457,'訂單金額','777777','b3b8499cc3c044569fabc45814002ed7.csv','平均交易金額'),(458,'收件人手機','777777','09c7906e38bb4390913dd01f7afd8799.csv','收件人手機'),(459,'收件人姓名','777777','09c7906e38bb4390913dd01f7afd8799.csv','index'),(460,'商品名稱','777777','09c7906e38bb4390913dd01f7afd8799.csv','index'),(461,'訂單日期','777777','09c7906e38bb4390913dd01f7afd8799.csv','index'),(462,'訂單金額','777777','09c7906e38bb4390913dd01f7afd8799.csv','平均交易金額'),(463,'訂單日期','777777','d55422a6d01d4bac86fe5f190ef6e4ab.csv','index'),(464,'收件人手機','777777','d55422a6d01d4bac86fe5f190ef6e4ab.csv','收件人手機'),(465,'收件人姓名','777777','d55422a6d01d4bac86fe5f190ef6e4ab.csv','index'),(466,'訂單金額','777777','d55422a6d01d4bac86fe5f190ef6e4ab.csv','平均交易金額'),(467,'商品名稱','777777','d55422a6d01d4bac86fe5f190ef6e4ab.csv','index'),(468,'收件人手機','777777','704cd28364be4d669f89553c974a6820.csv','收件人手機'),(469,'收件人姓名','777777','704cd28364be4d669f89553c974a6820.csv','index'),(470,'商品名稱','777777','704cd28364be4d669f89553c974a6820.csv','index'),(471,'訂單日期','777777','704cd28364be4d669f89553c974a6820.csv','index'),(472,'訂單金額','777777','704cd28364be4d669f89553c974a6820.csv','平均交易金額'),(473,'收件人手機','777777','e3a72ebe085841f5a24905bcfd0cf622.csv','收件人手機'),(474,'收件人姓名','777777','e3a72ebe085841f5a24905bcfd0cf622.csv','收件人姓名'),(475,'收件人手機','777777','4fe89b203d6146598e95e5c0a31b520c.csv','收件人手機'),(476,'收件人姓名','777777','4fe89b203d6146598e95e5c0a31b520c.csv','index'),(477,'商品名稱','777777','4fe89b203d6146598e95e5c0a31b520c.csv','index'),(478,'訂單日期','777777','4fe89b203d6146598e95e5c0a31b520c.csv','index'),(479,'訂單金額','777777','4fe89b203d6146598e95e5c0a31b520c.csv','平均交易金額'),(480,'收件人手機','777777','2bbbe8d8e22c429780f1be2ee616ceec.csv','收件人手機'),(481,'收件人姓名','777777','2bbbe8d8e22c429780f1be2ee616ceec.csv','index'),(482,'商品名稱','777777','2bbbe8d8e22c429780f1be2ee616ceec.csv','index'),(483,'訂單日期','777777','2bbbe8d8e22c429780f1be2ee616ceec.csv','index'),(484,'訂單金額','777777','2bbbe8d8e22c429780f1be2ee616ceec.csv','平均交易金額'),(485,'訂單日期','777777','7fafe709bed74f8a83ca29f5d7cebfbb.csv','電話'),(486,'收件人手機','777777','7fafe709bed74f8a83ca29f5d7cebfbb.csv','電話'),(487,'收件人姓名','777777','7fafe709bed74f8a83ca29f5d7cebfbb.csv','電話'),(488,'訂單金額','777777','7fafe709bed74f8a83ca29f5d7cebfbb.csv','電話'),(489,'商品名稱','777777','7fafe709bed74f8a83ca29f5d7cebfbb.csv','電話'),(490,'收件人手機','777777','29e0c1257f78455aaa38395c1a51b0df.csv','電話'),(491,'收件人姓名','777777','29e0c1257f78455aaa38395c1a51b0df.csv','電話'),(492,'商品名稱','777777','29e0c1257f78455aaa38395c1a51b0df.csv','電話'),(493,'訂單日期','777777','29e0c1257f78455aaa38395c1a51b0df.csv','電話'),(494,'訂單金額','777777','29e0c1257f78455aaa38395c1a51b0df.csv','電話'),(495,'收件人手機','777777','22d79af40c7b40649c814078bddc3988.csv','電話'),(496,'收件人姓名','777777','22d79af40c7b40649c814078bddc3988.csv','電話'),(497,'商品名稱','777777','22d79af40c7b40649c814078bddc3988.csv','電話'),(498,'訂單日期','777777','22d79af40c7b40649c814078bddc3988.csv','電話'),(499,'訂單金額','777777','22d79af40c7b40649c814078bddc3988.csv','電話'),(500,'收件人手機','666666','ae7809bca3de4bb6a3304829fc1cb60b.csv','收件人手機'),(501,'收件人姓名','666666','ae7809bca3de4bb6a3304829fc1cb60b.csv','收件人姓名'),(502,'收件人手機','666666','827996d6edb74c41928a99b29262e5ea.csv','收件人手機'),(503,'收件人姓名','666666','827996d6edb74c41928a99b29262e5ea.csv','收件人'),(504,'商品名稱','666666','827996d6edb74c41928a99b29262e5ea.csv','商品名稱'),(505,'訂單日期','666666','827996d6edb74c41928a99b29262e5ea.csv','訂單日期'),(506,'訂單金額','666666','827996d6edb74c41928a99b29262e5ea.csv','訂單金額'),(507,'收件人手機','666666','4e80d99b80a54f75bab61abe268d8d44.csv','收件人手機'),(508,'收件人姓名','666666','4e80d99b80a54f75bab61abe268d8d44.csv','收件人'),(509,'商品名稱','666666','4e80d99b80a54f75bab61abe268d8d44.csv','商品名稱'),(510,'訂單日期','666666','4e80d99b80a54f75bab61abe268d8d44.csv','訂單日期'),(511,'訂單金額','666666','4e80d99b80a54f75bab61abe268d8d44.csv','訂單金額'),(512,'收件人手機','666666','418393a2b25d4c3e9603cd93db723cb7.csv','收件人手機'),(513,'收件人姓名','666666','418393a2b25d4c3e9603cd93db723cb7.csv','收件人姓名'),(514,'收件人手機','777777','e99cb3df93ba4195b8b77e8d095baad4.csv','電話'),(515,'收件人姓名','777777','e99cb3df93ba4195b8b77e8d095baad4.csv','姓名'),(516,'商品名稱','777777','e99cb3df93ba4195b8b77e8d095baad4.csv','名稱'),(517,'訂單日期','777777','e99cb3df93ba4195b8b77e8d095baad4.csv','訂購時間'),(518,'訂單金額','777777','e99cb3df93ba4195b8b77e8d095baad4.csv','訂單總額'),(519,'收件人手機','777777','218833ecefa7428f8cebc542d2582598.csv','電話'),(520,'收件人姓名','777777','218833ecefa7428f8cebc542d2582598.csv','姓名'),(521,'商品名稱','777777','218833ecefa7428f8cebc542d2582598.csv','名稱'),(522,'訂單日期','777777','218833ecefa7428f8cebc542d2582598.csv','訂購時間'),(523,'訂單金額','777777','218833ecefa7428f8cebc542d2582598.csv','訂單總額'),(524,'收件人手機','777777','27d6a3290e5f42f1a5e0cc77d6a4829c.csv','電話'),(525,'收件人姓名','777777','27d6a3290e5f42f1a5e0cc77d6a4829c.csv','姓名'),(526,'商品名稱','777777','27d6a3290e5f42f1a5e0cc77d6a4829c.csv','名稱'),(527,'訂單日期','777777','27d6a3290e5f42f1a5e0cc77d6a4829c.csv','訂購時間'),(528,'訂單金額','777777','27d6a3290e5f42f1a5e0cc77d6a4829c.csv','訂單總額'),(529,'訂單日期','777777','185acc1e1a0d4afdbec0bd3977318260.csv','index'),(530,'收件人手機','777777','185acc1e1a0d4afdbec0bd3977318260.csv','收件人手機'),(531,'收件人姓名','777777','185acc1e1a0d4afdbec0bd3977318260.csv','index'),(532,'訂單金額','777777','185acc1e1a0d4afdbec0bd3977318260.csv','平均交易金額'),(533,'商品名稱','777777','185acc1e1a0d4afdbec0bd3977318260.csv','index'),(534,'收件人手機','777777','b746e731736343f99cc63d00e58488ee.csv','收件人手機'),(535,'收件人姓名','777777','b746e731736343f99cc63d00e58488ee.csv','index'),(536,'商品名稱','777777','b746e731736343f99cc63d00e58488ee.csv','index'),(537,'訂單日期','777777','b746e731736343f99cc63d00e58488ee.csv','index'),(538,'訂單金額','777777','b746e731736343f99cc63d00e58488ee.csv','平均交易金額'),(539,'收件人手機','777777','bd62e8b78238430980fe86f9e5396aa6.csv','收件人手機'),(540,'收件人姓名','777777','bd62e8b78238430980fe86f9e5396aa6.csv','index'),(541,'商品名稱','777777','bd62e8b78238430980fe86f9e5396aa6.csv','index'),(542,'訂單日期','777777','bd62e8b78238430980fe86f9e5396aa6.csv','index'),(543,'訂單金額','777777','bd62e8b78238430980fe86f9e5396aa6.csv','平均交易金額'),(544,'收件人手機','777777','d460488541cb48c8bbd71f88ef44f49b.csv','電話'),(545,'收件人姓名','777777','d460488541cb48c8bbd71f88ef44f49b.csv','姓名'),(546,'商品名稱','777777','d460488541cb48c8bbd71f88ef44f49b.csv','名稱'),(547,'訂單日期','777777','d460488541cb48c8bbd71f88ef44f49b.csv','訂購時間'),(548,'訂單金額','777777','d460488541cb48c8bbd71f88ef44f49b.csv','訂單總額'),(549,'訂單日期','666666','bd6f3d89a5f74373a85cce18ea9b39dd.csv','訂單日期'),(550,'收件人手機','666666','bd6f3d89a5f74373a85cce18ea9b39dd.csv','收件人手機'),(551,'收件人姓名','666666','bd6f3d89a5f74373a85cce18ea9b39dd.csv','收件人'),(552,'訂單金額','666666','bd6f3d89a5f74373a85cce18ea9b39dd.csv','訂單金額'),(553,'商品名稱','666666','bd6f3d89a5f74373a85cce18ea9b39dd.csv','商品名稱'),(564,'收件人手機','666666','5af4d4c5d7a849e1915a0a82a7e7767b.csv','收件人手機'),(565,'收件人姓名','666666','5af4d4c5d7a849e1915a0a82a7e7767b.csv','收件人'),(566,'商品名稱','666666','5af4d4c5d7a849e1915a0a82a7e7767b.csv','商品名稱'),(567,'訂單日期','666666','5af4d4c5d7a849e1915a0a82a7e7767b.csv','訂單日期'),(568,'訂單金額','666666','5af4d4c5d7a849e1915a0a82a7e7767b.csv','付款金額'),(569,'收件人手機','666666','7f47f7cd55ed43949361eaa55849491e.csv','Unnamed: 4'),(570,'收件人姓名','666666','7f47f7cd55ed43949361eaa55849491e.csv','Unnamed: 3'),(571,'商品名稱','666666','7f47f7cd55ed43949361eaa55849491e.csv','Unnamed: 18'),(572,'訂單日期','666666','7f47f7cd55ed43949361eaa55849491e.csv','Unnamed: 1'),(573,'訂單金額','666666','7f47f7cd55ed43949361eaa55849491e.csv','Unnamed: 12'),(579,'收件人手機','666666','8b0cd760c93444e8983ce1c5c8eb6658.csv','Unnamed: 4'),(580,'收件人姓名','666666','8b0cd760c93444e8983ce1c5c8eb6658.csv','Unnamed: 3'),(581,'商品名稱','666666','8b0cd760c93444e8983ce1c5c8eb6658.csv','Unnamed: 18'),(582,'訂單日期','666666','8b0cd760c93444e8983ce1c5c8eb6658.csv','Unnamed: 2'),(583,'訂單金額','666666','8b0cd760c93444e8983ce1c5c8eb6658.csv','Unnamed: 11'),(584,'收件人手機','666666','d9a4c09095c549e69c159d34da98ac55.csv','Unnamed: 4'),(585,'收件人姓名','666666','d9a4c09095c549e69c159d34da98ac55.csv','Unnamed: 3'),(586,'商品名稱','666666','d9a4c09095c549e69c159d34da98ac55.csv','Unnamed: 18'),(587,'訂單日期','666666','d9a4c09095c549e69c159d34da98ac55.csv','Unnamed: 2'),(588,'訂單金額','666666','d9a4c09095c549e69c159d34da98ac55.csv','Unnamed: 11'),(594,'收件人手機','666666','e0158cce46584c89b94465bfa6b18991.csv','Unnamed: 4'),(595,'收件人姓名','666666','e0158cce46584c89b94465bfa6b18991.csv','Unnamed: 3'),(596,'商品名稱','666666','e0158cce46584c89b94465bfa6b18991.csv','Unnamed: 8'),(597,'訂單日期','666666','e0158cce46584c89b94465bfa6b18991.csv','Unnamed: 1'),(598,'訂單金額','666666','e0158cce46584c89b94465bfa6b18991.csv','Unnamed: 7'),(599,'訂單日期','666666','14fb6e8dd2a1498585fc06712c3d61f9.csv','訂單日期'),(600,'收件人手機','666666','14fb6e8dd2a1498585fc06712c3d61f9.csv','收件人手機'),(601,'收件人姓名','666666','14fb6e8dd2a1498585fc06712c3d61f9.csv','收件人'),(602,'訂單金額','666666','14fb6e8dd2a1498585fc06712c3d61f9.csv','訂單金額'),(603,'商品名稱','666666','14fb6e8dd2a1498585fc06712c3d61f9.csv','商品名稱'),(604,'收件人手機','666666','96e6c2c869334ae9a5119c7328388083.csv','收件人手機'),(605,'收件人姓名','666666','96e6c2c869334ae9a5119c7328388083.csv','收件人'),(606,'商品名稱','666666','96e6c2c869334ae9a5119c7328388083.csv','商品名稱'),(607,'訂單日期','666666','96e6c2c869334ae9a5119c7328388083.csv','訂單日期'),(608,'訂單金額','666666','96e6c2c869334ae9a5119c7328388083.csv','訂單金額');
/*!40000 ALTER TABLE `ColumnMapping` ENABLE KEYS */;
UNLOCK TABLES;

--
-- Table structure for table `FilterFile`
--

DROP TABLE IF EXISTS `FilterFile`;
/*!40101 SET @saved_cs_client     = @@character_set_client */;
/*!50503 SET character_set_client = utf8mb4 */;
CREATE TABLE `FilterFile` (
  `no` int(11) NOT NULL AUTO_INCREMENT,
  `FileName` varchar(100) DEFAULT NULL,
  `FromUploadFileName` varchar(100) DEFAULT NULL,
  `Vendor` varchar(40) DEFAULT NULL,
  `FileFrom` varchar(100) DEFAULT NULL,
  `FileTime_start` datetime DEFAULT NULL,
  `FileTime_end` datetime DEFAULT NULL,
  `FilterContent` varchar(1000) DEFAULT NULL,
  `Number` int(11) DEFAULT NULL,
  PRIMARY KEY (`no`)
) ENGINE=InnoDB AUTO_INCREMENT=57 DEFAULT CHARSET=utf8;
/*!40101 SET character_set_client = @saved_cs_client */;

--
-- Dumping data for table `FilterFile`
--

LOCK TABLES `FilterFile` WRITE;
/*!40000 ALTER TABLE `FilterFile` DISABLE KEYS */;
INSERT INTO `FilterFile` VALUES (1,'c6661b2ef13444fba9bb1907b5c12674.csv','2661af08e08b43d198b8fdb3142b559c.csv','777777','2018木酢','2018-02-01 00:00:00','2018-12-31 00:00:00','運送/付款相似於信用卡。',734),(2,'99799ae4374947d38f6fabd414fdd785.csv','0efb141777884407a09b343b9baeb249.csv','666666','官網','2016-01-01 00:00:00','2018-12-31 00:00:00','排除訂單金額大於800。',455),(3,'11372ec5a58f48828dfa1541404f1d3d.csv','234edbbb95154292bf4fb34ba88f12b0.csv','12345678','官網','2018-01-01 00:00:00','2019-05-11 00:00:00','運送方式相似於宅配。',3441),(4,'18a85c673efb484ba66dee1e3315a00f.csv','11372ec5a58f48828dfa1541404f1d3d.csv','12345678','官網','2018-01-01 00:00:00','2019-05-11 00:00:00','上次訂單日期距今小於180天。',125),(5,'f9bdcbf85e0d43abb6ec55b02de7c4dc.csv','0efb141777884407a09b343b9baeb249.csv','666666','官網','2016-01-01 00:00:00','2018-12-31 00:00:00','單次購買金額介於500~10000。',549),(6,'a2bf3cb86cf6473c96535643f7e26664.csv','d66ecb77448c4731ba6b40ecffa55c0a.csv','654321','官網','2017-01-01 00:00:00','2019-02-28 00:00:00','上次訂單日期距今大於180天。購買日期小於2018-01-01 00:00:00。排除購買日期大於2019-01-01 00:00:00。購買次數大於2。排除屬性1相似於2XL。',249),(7,'44867bf6b64d45eeb954bf95bbe755ad.csv','0efb141777884407a09b343b9baeb249.csv','666666','官網','2016-01-01 00:00:00','2018-12-31 00:00:00','商品名稱相似於紅寶石。',134),(8,'7e146470934647ce9d9a6b3e608d5e60.csv','2661af08e08b43d198b8fdb3142b559c.csv','777777','2018木酢','2018-02-01 00:00:00','2018-12-31 00:00:00','上次訂單日期距今小於200天。運送/付款相似於信用卡。',134),(9,'24965da34def415791f291c44d339f2e.csv','08d723f1d88649aa90f452e5091e3382.csv','666666','官網','2016-01-01 00:00:00','2018-12-31 00:00:00','',578),(10,'f1cb08fecff244298adf908c3a0d1d20.csv','08d723f1d88649aa90f452e5091e3382.csv','666666','官網','2016-01-01 00:00:00','2018-12-31 00:00:00','商品名稱相似於紅寶石。',134),(12,'d3f0ff1623a24f07924cb1035648ca99.csv','d66ecb77448c4731ba6b40ecffa55c0a.csv','654321','官網','2017-01-01 00:00:00','2019-02-28 00:00:00','購買次數大於1。',1406),(13,'876617952ceb44049604ff39fdfe4557.csv','56877dfc3176485984eb7d0d1aed2bdc.csv','666666','官網','2016-01-01 00:00:00','2018-12-31 00:00:00','',292),(14,'cba671dcfd244d9eb2350518ae4a71c6.csv','56877dfc3176485984eb7d0d1aed2bdc.csv','666666','官網','2016-01-01 00:00:00','2018-12-31 00:00:00','',292),(15,'5e458a82ec624c2498f4918861b64184.csv','56877dfc3176485984eb7d0d1aed2bdc.csv','666666','官網','2016-01-01 00:00:00','2018-12-31 00:00:00','',292),(16,'b9a51c18210f430cb9b97d088c710a0b.csv','1a2da59ba52f48b9a20cc2852d43e5b2.csv','666666','官網','2019-05-01 00:00:00','2019-05-23 00:00:00','',628),(17,'47221e97fbe048e8ba55be4120d1ef50.csv','1a2da59ba52f48b9a20cc2852d43e5b2.csv','666666','官網','2019-05-01 00:00:00','2019-05-23 00:00:00','',628),(18,'d63c9db5898240938dcf8f878ce5666a.csv','07381e8c1afa4d2b8ed8e3e07a237abb.csv','0978136278','官網','2019-04-01 00:00:00','2019-05-01 00:00:00','購買(買三送一)3度C65ml(小蒼蘭香氛+綠茶香氛+白麝香氛) 送*綠茶油切涼感洗髮精65ML次數大於0。',5),(19,'7fd08a17fc6348149d57b16619872650.csv','a79571b955bb4d98b1ef91ce65b2867b.csv','0978136278','官網','2019-04-01 00:00:00','2019-05-01 00:00:00','',5),(20,'b2f3cd30f34b4d6a8a75bf51ec60b34c.csv','a79571b955bb4d98b1ef91ce65b2867b.csv','0978136278','官網','2019-04-01 00:00:00','2019-05-01 00:00:00','',5),(21,'4719a73c1e954796825a2c309fd125e6.csv','6bc9f2b48ed34644aa26a338d6427eb5.csv','0978136278','所有已上傳名單','2019-03-01 00:00:00','2019-05-24 00:00:00','',100),(22,'27e900e475ba4b2c83c9f6d61c5fe8ad.csv','d63c9db5898240938dcf8f878ce5666a.csv','0978136278','官網','2019-04-01 00:00:00','2019-05-01 00:00:00','',5),(23,'0a7961d54b0140b5908fd067d83d9dd4.csv','9632838f424e4106952134186e8d3cfc.csv','0978136278','AI篩選名單','2019-05-13 00:00:00','2019-05-13 00:00:00','',100),(24,'bd8b77f57e754ee1a6d0c28f517ee157.csv','234edbbb95154292bf4fb34ba88f12b0.csv','12345678','官網','2018-01-01 00:00:00','2019-05-11 00:00:00','商品規格相似於1*茶樹保護液120ml。',9795),(25,'09021d9f2ff64c1995e88fd1fbd6c707.csv','234edbbb95154292bf4fb34ba88f12b0.csv','12345678','官網','2018-01-01 00:00:00','2019-05-11 00:00:00','購買次數小於2。商品規格相似於1*茶樹保護液120ml。',7093),(29,'534a79952f6b4599ac31a81914cee423.csv','6c6f1b31de16414aae567d19e556cab3.csv','666666','官網','2016-01-02 00:00:00','2019-06-13 00:00:00','',150),(30,'f1b0dcbccfc14c98a43b73dcd828743e.csv','6c6f1b31de16414aae567d19e556cab3.csv','666666','官網','2016-01-02 00:00:00','2019-06-13 00:00:00','',150),(32,'eedafd5b29ca4efb81d4f8968b562471.csv','0ff6dcd5cb1b44158e51607245b37148.csv','666666','官網','2016-02-01 00:00:00','2019-06-14 00:00:00','',151),(33,'8129c73df5b54a0e92c68be51d19aaff.csv','9b7ea639826f475699c407f49c2b6de6.csv','666666','官網','2016-03-01 00:00:00','2019-06-14 00:00:00','',150),(34,'89ec02f92d6f40d997f6139e3ade396f.csv','c1d5f796d2aa4547aeb09384524994f5.csv','0978136278','官網','2019-03-01 00:00:00','2019-03-31 00:00:00','',1),(35,'e967adcdfe3f49a5b0833fa6512f770b.csv','e48af2a0611c45a0a7907987b1de4527.csv','666666','官網','2016-01-01 00:00:00','2019-06-15 00:00:00','',1850),(36,'9aae3e1e51b54cd9a4b386dfd99cb2bb.csv','c73d06088f204c76a2d88560c90d6819.csv','666666','官網','2016-01-01 00:00:00','2019-06-15 00:00:00','',914),(37,'8470ccd4a94a4574a88018b4cd87da4c.csv','b5ab27164aaa431d833475e9247b76d8.csv','777777','官網','2017-01-01 00:00:00','2019-06-28 00:00:00','',19671),(38,'33e54f2013fd48e28fc203307d476743.csv','b5ab27164aaa431d833475e9247b76d8.csv','777777','官網','2017-01-01 00:00:00','2019-06-28 00:00:00','',19671),(39,'b3b8499cc3c044569fabc45814002ed7.csv','eb8d492abdd442f28b65aef1a375d333.csv','777777','AI篩選結果-後製','2019-07-04 00:00:00','2019-07-04 00:00:00','',200),(40,'09c7906e38bb4390913dd01f7afd8799.csv','eb8d492abdd442f28b65aef1a375d333.csv','777777','AI篩選結果-後製','2019-07-04 00:00:00','2019-07-04 00:00:00','',200),(41,'704cd28364be4d669f89553c974a6820.csv','d55422a6d01d4bac86fe5f190ef6e4ab.csv','777777','AI篩選後製','2019-07-04 00:00:00','2019-07-04 00:00:00','',200),(42,'29e0c1257f78455aaa38395c1a51b0df.csv','7fafe709bed74f8a83ca29f5d7cebfbb.csv','777777','GA再行銷','2019-07-05 00:00:00','2019-07-05 00:00:00','',33),(43,'827996d6edb74c41928a99b29262e5ea.csv','f7a420d0b9f844158212b91e39c2bda9.csv','666666','官網','2016-01-01 00:00:00','2019-02-28 00:00:00','上次訂單日期距今大於30天。',37464),(44,'4e80d99b80a54f75bab61abe268d8d44.csv','f7a420d0b9f844158212b91e39c2bda9.csv','666666','官網','2016-01-01 00:00:00','2019-02-28 00:00:00','訂單代碼相似於水芹。上次訂單日期距今大於30天。',0),(45,'e99cb3df93ba4195b8b77e8d095baad4.csv','b5ab27164aaa431d833475e9247b76d8.csv','777777','官網','2017-01-01 00:00:00','2019-06-28 00:00:00','購買次數大於2。',726),(46,'218833ecefa7428f8cebc542d2582598.csv','b5ab27164aaa431d833475e9247b76d8.csv','777777','官網','2017-01-01 00:00:00','2019-06-28 00:00:00','購買次數大於等於2。',2866),(47,'27d6a3290e5f42f1a5e0cc77d6a4829c.csv','b5ab27164aaa431d833475e9247b76d8.csv','777777','官網','2017-01-01 00:00:00','2019-06-28 00:00:00','購買次數大於等於2。',2866),(48,'b746e731736343f99cc63d00e58488ee.csv','185acc1e1a0d4afdbec0bd3977318260.csv','777777','AI篩選後製','2019-07-11 00:00:00','2019-07-11 00:00:00','',119),(49,'d460488541cb48c8bbd71f88ef44f49b.csv','b5ab27164aaa431d833475e9247b76d8.csv','777777','官網','2017-01-01 00:00:00','2019-06-28 00:00:00','上次訂單日期距今大於60天。購買次數大於等於2。',2594),(51,'5af4d4c5d7a849e1915a0a82a7e7767b.csv','08d723f1d88649aa90f452e5091e3382.csv','666666','官網','2016-01-01 00:00:00','2018-12-31 00:00:00','購買次數大於等於2。',40),(52,'7f47f7cd55ed43949361eaa55849491e.csv','f7cca8e15288419da18009afb4aafbfd.csv','666666','官網','2016-01-01 00:00:00','2019-07-18 00:00:00','購買次數大於等於2。',226),(53,'8b0cd760c93444e8983ce1c5c8eb6658.csv','e2970fdd236f47e485e0cfb5f1f7cceb.csv','666666','官網','2016-01-01 00:00:00','2019-07-22 00:00:00','購買次數大於等於2。',0),(54,'d9a4c09095c549e69c159d34da98ac55.csv','e2970fdd236f47e485e0cfb5f1f7cceb.csv','666666','官網','2016-01-01 00:00:00','2019-07-22 00:00:00','購買次數大於等於2。',0),(55,'e0158cce46584c89b94465bfa6b18991.csv','eb21e003a0b34c8cb3b71db87a0981ed.csv','666666','官網','2016-01-01 00:00:00','2019-07-21 00:00:00','購買次數大於等於2。',226),(56,'96e6c2c869334ae9a5119c7328388083.csv','14fb6e8dd2a1498585fc06712c3d61f9.csv','666666','官網','2016-01-01 00:00:00','2019-07-23 00:00:00','購買次數大於等於2。',7122);
/*!40000 ALTER TABLE `FilterFile` ENABLE KEYS */;
UNLOCK TABLES;

--
-- Table structure for table `MessageFile`
--

DROP TABLE IF EXISTS `MessageFile`;
/*!40101 SET @saved_cs_client     = @@character_set_client */;
/*!50503 SET character_set_client = utf8mb4 */;
CREATE TABLE `MessageFile` (
  `no` int(11) NOT NULL AUTO_INCREMENT,
  `FileName` varchar(100) NOT NULL,
  `FromUploadFileName` varchar(100) DEFAULT NULL,
  `Vendor` varchar(40) DEFAULT NULL,
  `CreateTime` datetime DEFAULT NULL,
  `Status` varchar(40) DEFAULT NULL,
  `FileFrom` varchar(100) DEFAULT NULL,
  `FileTime_start` datetime DEFAULT NULL,
  `FileTime_end` datetime DEFAULT NULL,
  `Medium` varchar(40) DEFAULT NULL,
  `Campaign` varchar(40) DEFAULT NULL,
  `Content` varchar(400) DEFAULT NULL,
  `OriginalFileName` varchar(40) DEFAULT NULL,
  `Number` int(11) DEFAULT NULL,
  `SendStatus` varchar(40) DEFAULT NULL,
  PRIMARY KEY (`no`)
) ENGINE=InnoDB AUTO_INCREMENT=38 DEFAULT CHARSET=utf8;
/*!40101 SET character_set_client = @saved_cs_client */;

--
-- Dumping data for table `MessageFile`
--

LOCK TABLES `MessageFile` WRITE;
/*!40000 ALTER TABLE `MessageFile` DISABLE KEYS */;
INSERT INTO `MessageFile` VALUES (1,'0088ca949c54447198c0370fc2cbcf6d.csv','2ed9436a748f47d0906209612accd4c1.csv','666666','2019-06-03 21:20:15','建檔完成-190603 21:21:11','AI篩選名單','2019-06-03 20:15:46','2019-06-03 20:15:46','SMS_NEWART','2019/06/03-AI-2015-200','【NEWART】聽見夏季頭髮的聲音，您的髮品該換季囉，百位設計師都用這, 邀請您回娘家','2ed9436a748f47d0906209612accd4c1.csv',200,'已寄送:2019/06/03 21:25'),(2,'167e87a3b28043a0b2ce624f8c447335.csv','c73d06088f204c76a2d88560c90d6819.csv','666666','2019-06-15 17:48:30','建檔完成-190615 17:52:49','官網','2016-01-01 00:00:00','2019-06-15 00:00:00','SMS_NEWART','0615_六月活動目錄','【NEWART六月主打星】推薦您設計師愛用的頭皮水一瓶只要【$266】貼心幫您省最多→','9aae3e1e51b54cd9a4b386dfd99cb2bb.csv',914,'已寄送:2019/06/15 20:51'),(3,'1ebd2d6ec9414406b3950db14f3571b5.csv','0efb141777884407a09b343b9baeb249.csv','666666','2019-05-13 14:16:44','建檔完成-190513 14:18:05','官網','2016-01-01 00:00:00','2018-12-31 00:00:00','SMS_NEWART','2019/5/13奇蹟護髮折100','★染燙救星神級柔順護髮→奇蹟柔感原液←現在買再省$100回饋給VIP老客戶只有100組快入手','44867bf6b64d45eeb954bf95bbe755ad.csv',134,'尚未寄送'),(4,'1ff2894e23ec4e72bc8ca4da9256df15.csv','e67131e5e1024559826ba1f1e1194f86.csv','777777','2019-05-13 15:41:08','建檔完成-190513 15:41:09','測試222','2019-05-13 00:00:00','2019-05-13 00:00:00','滿千折百活動_0513_2018信用卡','05滿千折百活動','【木酢寵物達人】全館《限時滿千折百》最高送300元，立即搶購→ ','7015c8adfa294e238c6a252bd096fdf8.csv',1,'已寄送:2019/05/13 15:41'),(5,'21ec14aa8a4c48cd993e3c2e3eda39d0.csv','11372ec5a58f48828dfa1541404f1d3d.csv','12345678','2019-05-13 13:59:16','建檔完成-190513 14:02:39','官網','2018-01-01 00:00:00','2019-05-11 00:00:00','SMS_0512','宅配客戶','今日全館免運，立刻點>','18a85c673efb484ba66dee1e3315a00f.csv',125,'尚未寄送'),(6,'22d79af40c7b40649c814078bddc3988.csv','7fafe709bed74f8a83ca29f5d7cebfbb.csv','777777','2019-07-05 15:05:52','建檔完成-190705 07:06:05','GA再行銷','2019-07-05 00:00:00','2019-07-05 00:00:00','sms_pv-pur','0705_SMS_retarget','[木酢寵物達人折扣倒數]熱!擠!悶!不用去寵物展,官網免運立即出貨,隱藏賣場即將關閉>','29e0c1257f78455aaa38395c1a51b0df.csv',33,'已寄送:2019/07/05 15:09'),(7,'246c9cc484f54d4288819a5ef6ad124b.csv','421ae5c1dc704ca2aad1cc7b129dc152.csv','666666','2019-06-05 21:10:41','建檔完成-190605 21:11:38','AI篩選名單','2019-06-02 20:30:16','2019-06-02 20:30:16','SMS_NEWART','2019/06/05-AI-2','【NEWART】聽見夏季頭髮的聲音，您的髮品該換季囉，百位設計師都愛用, 邀請您回娘家','421ae5c1dc704ca2aad1cc7b129dc152.csv',200,'已寄送:2019/06/05 21:13'),(8,'2b0dc5c8f7694434b51b05eba9fca2ff.csv','8c4644c4ce804193b4c64da6bf03d793.csv','666666','2019-06-07 20:58:06','建檔完成-190607 20:59:33','AI篩選名單','2019-06-03 20:46:45','2019-06-03 20:46:45','SMS_NEWART','2019/06/07-AI-4','【NEWART】聽見夏季頭髮的聲音，您的髮品該換季囉，百位設計師都愛用, 邀請您回娘家','8c4644c4ce804193b4c64da6bf03d793.csv',310,'已寄送:2019/06/07 21:06'),(9,'2bbbe8d8e22c429780f1be2ee616ceec.csv','d55422a6d01d4bac86fe5f190ef6e4ab.csv','777777','2019-07-05 07:33:32','建檔完成-190704 23:34:35','AI篩選後製','2019-07-04 00:00:00','2019-07-04 00:00:00','sms_1000-100','0705_AI_200','[木酢寵物達人]VIP專屬賣場限定,結帳直接扣100,親友共享優惠,我想要不臭的夏天>','704cd28364be4d669f89553c974a6820.csv',200,'已寄送:2019/07/05 09:32'),(10,'2c4a8eae58f94d35ac403b29cceac177.csv','08d723f1d88649aa90f452e5091e3382.csv','666666','2019-05-13 15:19:57','建檔完成-190513 15:21:06','官網','2016-01-01 00:00:00','2018-12-31 00:00:00','SMS_NEWART','2019/5/13奇蹟護髮折100','★染燙救星神級柔順護髮→奇蹟柔感原液←現在買再省$100回饋給VIP老客戶只有100組快入手','f1cb08fecff244298adf908c3a0d1d20.csv',134,'已寄送:2019/05/13 15:48'),(11,'2d2e294989e0415c9750fe14cd3d3bfa.csv','6511dde59f8e4170adaafee4edb7d435.csv','666666','2019-06-12 20:11:52','建檔完成-190612 20:12:04','AI篩選名單','2019-06-12 20:01:58','2019-06-12 20:01:58','SMS_NEWART','0612-六月活動目錄','髮廊設計師最推薦頭皮水一瓶只要【$266】熱銷人氣紅寶石護髮組【省$577】售完不補→','6511dde59f8e4170adaafee4edb7d435.csv',43,'已寄送:2019/06/12 20:13'),(12,'3cc0cbdeeb2c4975b4037cdeab0ce496.csv','f204baee77a74e13b9d8ba1e759c46ce.csv','666666','2019-06-09 21:52:01','建檔完成-190609 21:52:20','AI篩選名單','2019-06-03 21:10:46','2019-06-03 21:10:46','SMS_NEWART','2019/06/09-AI-6','【NEWART】聽見夏季頭髮的聲音，您的髮品該換季囉，百位設計師都愛用, 邀請您回娘家','f204baee77a74e13b9d8ba1e759c46ce.csv',68,'已寄送:2019/06/09 21:52'),(13,'3e829c0179494e67bbc4e29bdb530527.csv','2661af08e08b43d198b8fdb3142b559c.csv','777777','2019-05-13 14:49:45','建檔完成-190513 14:50:39','2018木酢','2018-02-01 00:00:00','2018-12-31 00:00:00','滿千折百活動_0513_2018信用卡小於200','05滿千折百活動','【木酢寵物達人】全館《限時滿千折百》最高送300元，立即搶購→ ','7e146470934647ce9d9a6b3e608d5e60.csv',134,'已寄送:2019/05/13 14:51'),(14,'418393a2b25d4c3e9603cd93db723cb7.csv','5bb1a270217947368ddc3f080086df40.csv','666666','2019-07-08 20:54:31','建檔完成-190708 12:54:47','AI篩選名單','2019-07-08 20:40:34','2019-07-08 20:40:34','SMS_NEWART','0708_茶樹頭皮6入','【NEWART夏日涼爽推薦】設計師愛用的頭皮水【$266/瓶】快來幫頭皮瞬間降溫→','5bb1a270217947368ddc3f080086df40.csv',38,'已寄送:2019/07/08 20:55'),(15,'6260b96192d14f9299e0e51ed5ae0d0e.csv','c1d5f796d2aa4547aeb09384524994f5.csv','0978136278','2019-06-14 16:44:06','建檔完成-190614 16:44:06','官網','2019-03-01 00:00:00','2019-03-31 00:00:00','test','test','test>>','89ec02f92d6f40d997f6139e3ade396f.csv',1,'已寄送:2019/06/30 04:35'),(16,'6f5a184b5f834b4780e438e652d8e595.csv','5ffe20530b3d42a7be95d3ab5af422b9.csv','666666','2019-06-02 20:34:51','建檔完成-190602 20:36:01','AI篩選名單','2019-06-02 20:29:43','2019-06-02 20:29:43','SMS_NEWART','2019/06/02-AI-1','【NEWART】聽見夏季頭髮的聲音，您用的髮品該換季了歐，數百位設計師使用的商品, 邀請您回娘家瞧瞧→','5ffe20530b3d42a7be95d3ab5af422b9.csv',200,'尚未寄送'),(17,'71607ecfae6c479ea5f4801cbf15b76f.csv','1d2e36f2d48742608cf76b79ad133694.csv','666666','2019-06-09 21:41:35','建檔完成-190609 21:46:17','AI篩選名單','2019-06-09 21:39:21','2019-06-09 21:39:21','SMS_NEWART','2019/06/09-AI','【NEWART】聽見夏季頭髮的聲音，您的髮品該換季囉，百位設計師都愛用, 邀請您回娘家','1d2e36f2d48742608cf76b79ad133694.csv',1000,'已寄送:2019/06/09 21:49'),(18,'8222f7e271424722b61d58c794dcdca6.csv','0efb141777884407a09b343b9baeb249.csv','666666','2019-05-13 14:09:56','建檔完成-190513 14:17:27','官網','2016-01-01 00:00:00','2018-12-31 00:00:00','SMS_NEWART','2019/4/25_茶樹頭皮送洗髮精','茶樹頭皮','f9bdcbf85e0d43abb6ec55b02de7c4dc.csv',549,'尚未寄送'),(19,'8855a3e3fe02420ca80fe5a7f97a8056.csv','9632838f424e4106952134186e8d3cfc.csv','0978136278','2019-06-14 14:17:09','建檔完成-190614 14:17:10','AI篩選名單','2019-05-13 00:00:00','2019-05-13 00:00:00','a','a','aaa','27e900e475ba4b2c83c9f6d61c5fe8ad.csv',100,'尚未寄送'),(20,'89e2c659acbf458fb3fd0c69521ac511.csv','d2e6961f8f5f476cb5ad5a635c9ad327.csv','777777','2019-07-02 18:00:06','建檔完成-190702 18:01:33','AI篩選名單','2019-07-02 17:56:48','2019-07-02 17:56:48','sms_1000-100','0702_AI_200','[木酢寵物達人]VIP專屬賣場限定,結帳直接扣100,親友共享優惠,我想要不臭的夏天>','d2e6961f8f5f476cb5ad5a635c9ad327.csv',200,'已寄送:2019/07/02 18:16'),(21,'9632838f424e4106952134186e8d3cfc.csv','6bc9f2b48ed34644aa26a338d6427eb5.csv','0978136278','2019-05-24 01:18:55','建檔完成-190524 01:19:27','AI篩選名單','2019-05-13 15:37:13','2019-05-13 15:37:13','ㄏㄏ','cc','ccccc','6bc9f2b48ed34644aa26a338d6427eb5.csv',100,'尚未寄送'),(22,'979334d9e863463799c9be2da131fa0b.csv','0693ed307c4f44fba49ccfae6cd263e7.csv','666666','2019-06-08 21:50:36','建檔完成-190608 21:52:04','AI篩選名單','2019-06-03 20:52:03','2019-06-03 20:52:03','SMS_NEWART','2019/06/08-AI-5','【NEWART】聽見夏季頭髮的聲音，您的髮品該換季囉，百位設計師都愛用, 邀請您回娘家','0693ed307c4f44fba49ccfae6cd263e7.csv',310,'已寄送:2019/06/08 21:52'),(23,'9980c34662f1421c945ab43e96514fe1.csv','2ed9436a748f47d0906209612accd4c1.csv','666666','2019-06-06 21:54:13','建檔完成-190606 21:55:12','AI篩選名單','2019-06-03 20:15:46','2019-06-03 20:15:46','SMS_NEWART','2019/06/05-AI-3','【NEWART】聽見夏季頭髮的聲音，您的髮品該換季囉，百位設計師都愛用, 邀請您回娘家','2ed9436a748f47d0906209612accd4c1.csv',200,'已寄送:2019/06/06 21:56'),(24,'9c82487c36664baaa3ccf1c3e8b9b103.csv','bf25e0e98cb94d9b9ca1002478ac6124.csv','777777','2019-06-29 06:29:34','建檔完成-190629 06:33:59','AI篩選名單','2019-06-29 06:14:33','2019-06-29 06:14:33','sms_1000-100','0629_AI_797','[木酢寵物達人]通知-VIP專屬賣場炎夏限定,結帳直接扣100,親友共享優惠,來看看>','bf25e0e98cb94d9b9ca1002478ac6124.csv',797,'已寄送:2019/06/29 06:39'),(25,'a062ec23dec54f10a0f4ad52a87b3e8b.csv','f73d43bb443940249698e1e01962299b.csv','666666','2019-06-23 19:32:57','建檔完成-190623 19:35:47','AI篩選名單','2019-06-23 19:24:55','2019-06-23 19:24:55','SMS_NEWART','0623_六月活動目錄','【NEWART-VIP通知】頭皮水【省$795】、深層護髮組【省$577】優惠倒數→ ','f73d43bb443940249698e1e01962299b.csv',600,'已寄送:2019/06/23 19:37'),(26,'a79571b955bb4d98b1ef91ce65b2867b.csv','07381e8c1afa4d2b8ed8e3e07a237abb.csv','0978136278','2019-05-23 23:20:23','建檔完成-190523 23:20:26','官網','2019-04-01 00:00:00','2019-05-01 00:00:00','v1','ㄏㄏ','ccccc','d63c9db5898240938dcf8f878ce5666a.csv',5,'尚未寄送'),(27,'ad2bbb8affcd4bf99e027b2b411a929b.csv','5ffe20530b3d42a7be95d3ab5af422b9.csv','666666','2019-06-04 20:46:36','建檔完成-190604 20:47:33','AI篩選名單','2019-06-02 20:29:43','2019-06-02 20:29:43','SMS_NEWART','2019/06/04-AI-2','【NEWART】聽見夏季頭髮的聲音，您的髮品該換季囉，百位設計師都愛用, 邀請您回娘家','5ffe20530b3d42a7be95d3ab5af422b9.csv',200,'已寄送:2019/06/04 20:52'),(28,'ae7809bca3de4bb6a3304829fc1cb60b.csv','a76373b847a94e6cbef60b7247019bb9.csv','666666','2019-07-05 21:08:49','建檔完成-190705 13:10:03','AI篩選名單','2019-07-05 21:06:36','2019-07-05 21:06:36','SMS_NEWART','0705_茶樹頭皮','【NEWART-VIP通知】百位設計師推薦夏日必備頭皮水: 去頭皮味+止癢涼爽快來感受','a76373b847a94e6cbef60b7247019bb9.csv',200,'已寄送:2019/07/05 21:11'),(29,'b61a020dd1a04e10881647344352d873.csv','0dd40ba5b2ae4bf3a357f633408998b1.csv','666666','2019-06-09 21:54:34','建檔完成-190609 21:54:56','AI篩選名單','2019-06-05 20:48:35','2019-06-05 20:48:35','SMS_NEWART','2019/06/09-AI-6','【NEWART】聽見夏季頭髮的聲音，您的髮品該換季囉，百位設計師都愛用, 邀請您回娘家','0dd40ba5b2ae4bf3a357f633408998b1.csv',68,'已寄送:2019/06/09 21:55'),(30,'b99b5e00db004070ab2890fc77ea147a.csv','2ed9436a748f47d0906209612accd4c1.csv','666666','2019-06-03 20:23:32','建檔完成-190603 20:24:30','AI篩選名單','2019-06-03 20:15:46','2019-06-03 20:15:46','SMS_NEWART','2019/06/03-AI-1','【NEWART】聽見夏季頭髮的聲音，您的髮品該換季囉，百位設計師都用這, 邀請您回娘家','2ed9436a748f47d0906209612accd4c1.csv',200,'尚未寄送'),(31,'bae8a6689c79404e88eafdbb7a78c656.csv','eb1b8e7e89c3471c8c9f082aae00534d.csv','777777','2019-05-30 11:54:53','建檔完成-190530 11:59:08','AI篩選名單','2019-05-30 11:52:03','2019-05-30 11:52:03','滿千折百活動_0530_2018AI','滿千折百活動_AI300','【木酢寵物達人】全館《滿千折百》《最後1天》最高送300元，立即搶購→ ','eb1b8e7e89c3471c8c9f082aae00534d.csv',300,'已寄送:2019/05/30 12:03'),(32,'bd62e8b78238430980fe86f9e5396aa6.csv','185acc1e1a0d4afdbec0bd3977318260.csv','777777','2019-07-11 09:09:50','建檔完成-190711 01:10:29','AI篩選後製','2019-07-11 00:00:00','2019-07-11 00:00:00','sms_1000-100','0711_AI_200','[木酢寵物達人]熱就臭,除臭就想到天然無毒的木酢,今日回購,隱藏賣場結帳直接扣100>','b746e731736343f99cc63d00e58488ee.csv',119,'已寄送:2019/07/11 09:12'),(33,'d438fb56d1e24d0e90452b1bc515f310.csv','382e72fa47f549f2b1e2928c5c0e6f37.csv','666666','2019-07-03 22:00:06','建檔完成-190703 14:03:30','AI篩選名單','2019-07-03 21:22:24','2019-07-03 21:22:24','SMS_NEWART','0703-止癢蓬蓬組','【NEWART-VIP通知】百位設計師推薦→沁涼草本滋養降溫改善頭皮出油，蓬鬆不扁塌','382e72fa47f549f2b1e2928c5c0e6f37.csv',400,'已寄送:2019/07/03 22:05'),(34,'d7a6b54a7ad84311b935ca4cac846411.csv','2661af08e08b43d198b8fdb3142b559c.csv','777777','2019-05-14 09:54:18','建檔完成-190514 09:55:10','2018木酢','2018-02-01 00:00:00','2018-12-31 00:00:00','滿千折百活動_0514_2018信用卡200D','05滿千折百活動','【木酢寵物達人】全館《限時滿千折百》最高送300元，立即搶購→ ','7e146470934647ce9d9a6b3e608d5e60.csv',134,'已寄送:2019/05/14 10:28'),(35,'e059b0ac0e06430a9b13cd5042fc12f7.csv','d9c451940c6641a2bd814896c7655f32.csv','666666','2019-06-29 15:47:30','建檔完成-190629 15:50:25','AI篩選名單','2019-06-29 15:41:21','2019-06-29 15:41:21','SMS_NEWART','0629_六月活動目錄','【NEWART-VIP通知】設計師最愛頭皮水【$266/瓶】省$795! 最後30組→','d9c451940c6641a2bd814896c7655f32.csv',500,'已寄送:2019/06/29 15:54'),(36,'f5bf794021224465b3769eacfbb68dea.csv','cde4061b12c54626a54e7be3d982f317.csv','654321','2019-05-29 08:22:38','建檔完成-190529 08:22:38','AI篩選名單','2019-05-13 15:51:34','2019-05-13 15:51:34','sms_包臀款_買大於五','20190413_蜜臀款預購','123456','cde4061b12c54626a54e7be3d982f317.csv',2,'尚未寄送'),(37,'fd5b5c4e8a49410aa42e0cc8936efd2e.csv','9b7ea639826f475699c407f49c2b6de6.csv','666666','2019-06-14 15:01:30','建檔完成-190614 15:02:12','官網','2016-03-01 00:00:00','2019-06-14 00:00:00','SMS_NEWART','0614_六月活動目錄','【NEWART六月主打星】推薦您設計師愛用的頭皮水一瓶只要【$266】貼心幫您省最多→','8129c73df5b54a0e92c68be51d19aaff.csv',150,'已寄送:2019/06/14 21:29');
/*!40000 ALTER TABLE `MessageFile` ENABLE KEYS */;
UNLOCK TABLES;

--
-- Table structure for table `SendMessageResult`
--

DROP TABLE IF EXISTS `SendMessageResult`;
/*!40101 SET @saved_cs_client     = @@character_set_client */;
/*!50503 SET character_set_client = utf8mb4 */;
CREATE TABLE `SendMessageResult` (
  `no` int(11) NOT NULL AUTO_INCREMENT,
  `Vendor` varchar(40) COLLATE utf8mb4_general_ci DEFAULT NULL,
  `FileName` varchar(100) COLLATE utf8mb4_general_ci DEFAULT NULL,
  `SendTime` datetime DEFAULT NULL,
  `MessageStatus_finish` int(11) DEFAULT NULL,
  `MessageStatus_reservation` int(11) DEFAULT NULL,
  `MessageStatus_timeout` int(11) DEFAULT NULL,
  `MessageStatus_error` int(11) DEFAULT NULL,
  `GA_Click` int(11) DEFAULT NULL,
  `GA_TransactionTimes` int(11) DEFAULT NULL,
  `GA_Revenue` int(11) DEFAULT NULL,
  `Number` int(11) DEFAULT NULL,
  PRIMARY KEY (`no`)
) ENGINE=InnoDB AUTO_INCREMENT=38 DEFAULT CHARSET=utf8mb4 COLLATE=utf8mb4_general_ci;
/*!40101 SET character_set_client = @saved_cs_client */;

--
-- Dumping data for table `SendMessageResult`
--

LOCK TABLES `SendMessageResult` WRITE;
/*!40000 ALTER TABLE `SendMessageResult` DISABLE KEYS */;
INSERT INTO `SendMessageResult` VALUES (1,'666666','0088ca949c54447198c0370fc2cbcf6d.csv','2019-06-03 21:20:15',0,0,0,0,0,0,0,200),(2,'666666','167e87a3b28043a0b2ce624f8c447335.csv','2019-06-15 17:48:30',0,0,0,0,0,0,0,914),(3,'666666','1ebd2d6ec9414406b3950db14f3571b5.csv','2019-05-13 14:16:44',0,0,0,0,0,0,0,134),(4,'777777','1ff2894e23ec4e72bc8ca4da9256df15.csv','2019-05-13 15:41:08',0,0,0,0,0,0,0,1),(5,'12345678','21ec14aa8a4c48cd993e3c2e3eda39d0.csv','2019-05-13 13:59:16',0,0,0,0,0,0,0,125),(6,'777777','22d79af40c7b40649c814078bddc3988.csv','2019-07-05 15:05:52',0,0,0,0,0,0,0,33),(7,'666666','246c9cc484f54d4288819a5ef6ad124b.csv','2019-06-05 21:10:41',0,0,0,0,0,0,0,200),(8,'666666','2b0dc5c8f7694434b51b05eba9fca2ff.csv','2019-06-07 20:58:06',0,0,0,0,0,0,0,310),(9,'777777','2bbbe8d8e22c429780f1be2ee616ceec.csv','2019-07-05 07:33:32',0,0,0,0,0,0,0,200),(10,'666666','2c4a8eae58f94d35ac403b29cceac177.csv','2019-05-13 15:19:57',0,0,0,0,0,0,0,134),(11,'666666','2d2e294989e0415c9750fe14cd3d3bfa.csv','2019-06-12 20:11:52',0,0,0,0,0,0,0,43),(12,'666666','3cc0cbdeeb2c4975b4037cdeab0ce496.csv','2019-06-09 21:52:01',0,0,0,0,0,0,0,68),(13,'777777','3e829c0179494e67bbc4e29bdb530527.csv','2019-05-13 14:49:45',0,0,0,0,0,0,0,134),(14,'666666','418393a2b25d4c3e9603cd93db723cb7.csv','2019-07-08 20:54:31',0,0,0,0,0,0,0,38),(15,'0978136278','6260b96192d14f9299e0e51ed5ae0d0e.csv','2019-06-14 16:44:06',0,0,0,0,0,0,0,1),(16,'666666','6f5a184b5f834b4780e438e652d8e595.csv','2019-06-02 20:34:51',0,0,0,0,0,0,0,200),(17,'666666','71607ecfae6c479ea5f4801cbf15b76f.csv','2019-06-09 21:41:35',0,0,0,0,0,0,0,1000),(18,'666666','8222f7e271424722b61d58c794dcdca6.csv','2019-05-13 14:09:56',0,0,0,0,0,0,0,549),(19,'0978136278','8855a3e3fe02420ca80fe5a7f97a8056.csv','2019-06-14 14:17:09',0,0,0,0,0,0,0,100),(20,'777777','89e2c659acbf458fb3fd0c69521ac511.csv','2019-07-02 18:00:06',0,0,0,0,0,0,0,200),(21,'0978136278','9632838f424e4106952134186e8d3cfc.csv','2019-05-24 01:18:55',0,0,0,0,0,0,0,100),(22,'666666','979334d9e863463799c9be2da131fa0b.csv','2019-06-08 21:50:36',0,0,0,0,0,0,0,310),(23,'666666','9980c34662f1421c945ab43e96514fe1.csv','2019-06-06 21:54:13',0,0,0,0,0,0,0,200),(24,'777777','9c82487c36664baaa3ccf1c3e8b9b103.csv','2019-06-29 06:29:34',0,0,0,0,0,0,0,797),(25,'666666','a062ec23dec54f10a0f4ad52a87b3e8b.csv','2019-06-23 19:32:57',0,0,0,0,0,0,0,600),(26,'0978136278','a79571b955bb4d98b1ef91ce65b2867b.csv','2019-05-23 23:20:23',0,0,0,0,0,0,0,5),(27,'666666','ad2bbb8affcd4bf99e027b2b411a929b.csv','2019-06-04 20:46:36',0,0,0,0,0,0,0,200),(28,'666666','ae7809bca3de4bb6a3304829fc1cb60b.csv','2019-07-05 21:08:49',0,0,0,0,0,0,0,200),(29,'666666','b61a020dd1a04e10881647344352d873.csv','2019-06-09 21:54:34',0,0,0,0,0,0,0,68),(30,'666666','b99b5e00db004070ab2890fc77ea147a.csv','2019-06-03 20:23:32',0,0,0,0,0,0,0,200),(31,'777777','bae8a6689c79404e88eafdbb7a78c656.csv','2019-05-30 11:54:53',0,0,0,0,0,0,0,300),(32,'777777','bd62e8b78238430980fe86f9e5396aa6.csv','2019-07-11 09:09:50',0,0,0,0,0,0,0,119),(33,'666666','d438fb56d1e24d0e90452b1bc515f310.csv','2019-07-03 22:00:06',0,0,0,0,0,0,0,400),(34,'777777','d7a6b54a7ad84311b935ca4cac846411.csv','2019-05-14 09:54:18',0,0,0,0,0,0,0,134),(35,'666666','e059b0ac0e06430a9b13cd5042fc12f7.csv','2019-06-29 15:47:30',0,0,0,0,0,0,0,500),(36,'654321','f5bf794021224465b3769eacfbb68dea.csv','2019-05-29 08:22:38',0,0,0,0,0,0,0,2),(37,'666666','fd5b5c4e8a49410aa42e0cc8936efd2e.csv','2019-06-14 15:01:30',0,0,0,0,0,0,0,150);
/*!40000 ALTER TABLE `SendMessageResult` ENABLE KEYS */;
UNLOCK TABLES;

--
-- Table structure for table `UploadFile`
--

DROP TABLE IF EXISTS `UploadFile`;
/*!40101 SET @saved_cs_client     = @@character_set_client */;
/*!50503 SET character_set_client = utf8mb4 */;
CREATE TABLE `UploadFile` (
  `no` int(11) NOT NULL AUTO_INCREMENT,
  `FileName` varchar(100) NOT NULL,
  `Vendor` varchar(40) DEFAULT NULL,
  `FileFrom` varchar(100) DEFAULT NULL,
  `FileTime_start` datetime DEFAULT NULL,
  `FileTime_end` datetime DEFAULT NULL,
  `Number` int(11) DEFAULT NULL,
  PRIMARY KEY (`no`)
) ENGINE=InnoDB AUTO_INCREMENT=40 DEFAULT CHARSET=utf8;
/*!40101 SET character_set_client = @saved_cs_client */;

--
-- Dumping data for table `UploadFile`
--

LOCK TABLES `UploadFile` WRITE;
/*!40000 ALTER TABLE `UploadFile` DISABLE KEYS */;
INSERT INTO `UploadFile` VALUES (1,'07381e8c1afa4d2b8ed8e3e07a237abb.csv','0978136278','官網','2019-04-01 00:00:00','2019-05-01 00:00:00',1200),(2,'084d42ba3dc4418896a4750691169f4a.csv','777777','測試123','2018-02-01 00:00:00','2018-12-31 00:00:00',14482),(3,'08d723f1d88649aa90f452e5091e3382.csv','666666','官網','2016-01-01 00:00:00','2018-12-31 00:00:00',1461),(4,'0efb141777884407a09b343b9baeb249.csv','666666','官網','2016-01-01 00:00:00','2018-12-31 00:00:00',1461),(5,'0ff6dcd5cb1b44158e51607245b37148.csv','666666','官網','2016-02-01 00:00:00','2019-06-14 00:00:00',151),(6,'14fb6e8dd2a1498585fc06712c3d61f9.csv','666666','官網','2016-01-01 00:00:00','2019-07-23 00:00:00',65498),(7,'185acc1e1a0d4afdbec0bd3977318260.csv','777777','AI篩選後製','2019-07-11 00:00:00','2019-07-11 00:00:00',120),(8,'1a2da59ba52f48b9a20cc2852d43e5b2.csv','666666','官網','2019-05-01 00:00:00','2019-05-23 00:00:00',787),(9,'21c3ef7539bb4dbf8bd5fb7b07eecf0b.csv','666666','官網','2016-01-01 00:00:00','2019-06-13 00:00:00',2000),(10,'234edbbb95154292bf4fb34ba88f12b0.csv','12345678','官網','2018-01-01 00:00:00','2019-05-11 00:00:00',55721),(11,'25982365db484134a3a945bd2a842259.csv','666666','官網','2016-01-01 00:00:00','2019-02-28 00:00:00',55726),(12,'2661af08e08b43d198b8fdb3142b559c.csv','777777','2018木酢','2018-02-01 00:00:00','2018-12-31 00:00:00',9670),(13,'4316992e49a84096be36f5aebef2eb4f.csv','0978136278','91APP','2019-03-01 00:00:00','2019-05-04 00:00:00',55721),(14,'48fce68561094bc7acf1801a851edaed.csv','0978136278','官網','2019-05-02 00:00:00','2019-05-24 00:00:00',1200),(15,'529bec865ed54738a090fe22430ff0ee.csv','666666','官網','2016-01-01 00:00:00','2019-05-18 00:00:00',55726),(16,'56877dfc3176485984eb7d0d1aed2bdc.csv','666666','官網','2016-01-01 00:00:00','2018-12-31 00:00:00',356),(17,'6c6f1b31de16414aae567d19e556cab3.csv','666666','官網','2016-01-02 00:00:00','2019-06-13 00:00:00',150),(18,'72d1722919e74d749ea26ddc9c6224d9.csv','666666','官網','2016-01-01 00:00:00','2019-06-03 00:00:00',17),(19,'7d85d6fc712d4615b608de7285943d18.csv','666666','官網','2016-01-01 00:00:00','2019-07-21 00:00:00',8796),(20,'7fafe709bed74f8a83ca29f5d7cebfbb.csv','777777','GA再行銷','2019-07-05 00:00:00','2019-07-05 00:00:00',33),(21,'81d3d7feef1b4199bafa966622f71c81.csv','12345678','官網紅利館','2018-01-01 00:00:00','2019-05-11 00:00:00',3971),(22,'8d20ef80396f4d05adcb2baca5af0d54.csv','666666','官網','2016-01-01 00:00:00','2018-12-31 00:00:00',787),(23,'8ed846ca1edf460fab4c39b7c82575fb.csv','666666','官網','2019-06-01 00:00:00','2019-06-13 00:00:00',43),(24,'9b7ea639826f475699c407f49c2b6de6.csv','666666','官網','2016-03-01 00:00:00','2019-06-14 00:00:00',150),(25,'af77e9992ad74129b1a22c8a3de54341.csv','666666','官網','2016-01-01 00:00:00','2018-12-31 00:00:00',1461),(26,'b0774c2a1b6a4d5aad33336343602587.csv','666666','官網','2019-05-02 00:00:00','2018-12-31 00:00:00',1461),(27,'b5ab27164aaa431d833475e9247b76d8.csv','777777','官網','2017-01-01 00:00:00','2019-06-28 00:00:00',43281),(28,'bd6f3d89a5f74373a85cce18ea9b39dd.csv','666666','官網','2019-02-01 00:00:00','2019-07-18 00:00:00',1680),(29,'c1d5f796d2aa4547aeb09384524994f5.csv','0978136278','官網','2019-03-01 00:00:00','2019-03-31 00:00:00',1),(30,'c6f4322db75b4c55b8ec23eeabfc37b5.csv','0978136278','MOMO','2019-03-01 00:00:00','2019-03-31 00:00:00',17),(31,'c73d06088f204c76a2d88560c90d6819.csv','666666','官網','2016-01-01 00:00:00','2019-06-15 00:00:00',914),(32,'ccf1025dd3d0493caa352c461df204e8.csv','0978136278','官網','2019-03-01 00:00:00','2019-03-21 00:00:00',12),(33,'d10479117d3c48288d9bdd2c829efae0.csv','0978136278','91APP','2019-03-01 00:00:00','2019-03-21 00:00:00',9670),(34,'d55422a6d01d4bac86fe5f190ef6e4ab.csv','777777','AI篩選後製','2019-07-04 00:00:00','2019-07-04 00:00:00',200),(35,'d66ecb77448c4731ba6b40ecffa55c0a.csv','654321','官網','2017-01-01 00:00:00','2019-02-28 00:00:00',38027),(36,'e48af2a0611c45a0a7907987b1de4527.csv','666666','官網','2016-01-01 00:00:00','2019-06-15 00:00:00',1850),(37,'e67131e5e1024559826ba1f1e1194f86.csv','777777','測試222','2019-05-13 00:00:00','2019-05-13 00:00:00',1),(38,'eb8d492abdd442f28b65aef1a375d333.csv','777777','AI篩選結果-後製','2019-07-04 00:00:00','2019-07-04 00:00:00',200),(39,'f7a420d0b9f844158212b91e39c2bda9.csv','666666','官網','2016-01-01 00:00:00','2019-02-28 00:00:00',55726);
/*!40000 ALTER TABLE `UploadFile` ENABLE KEYS */;
UNLOCK TABLES;
/*!40103 SET TIME_ZONE=@OLD_TIME_ZONE */;

/*!40101 SET SQL_MODE=@OLD_SQL_MODE */;
/*!40014 SET FOREIGN_KEY_CHECKS=@OLD_FOREIGN_KEY_CHECKS */;
/*!40014 SET UNIQUE_CHECKS=@OLD_UNIQUE_CHECKS */;
/*!40101 SET CHARACTER_SET_CLIENT=@OLD_CHARACTER_SET_CLIENT */;
/*!40101 SET CHARACTER_SET_RESULTS=@OLD_CHARACTER_SET_RESULTS */;
/*!40101 SET COLLATION_CONNECTION=@OLD_COLLATION_CONNECTION */;
/*!40111 SET SQL_NOTES=@OLD_SQL_NOTES */;

-- Dump completed on 2019-08-16 23:55:14
